mean	マス ケット 銃 を 持つ た 兵士 を たたく のめす こと と 、 人 を 惨殺 する の を 傍観 する の は 別 の こと だ
none	だから 御者 は また 窓 から 外 へ 出る て 、 警官 と 医者 の 助け を 呼ぶ で から 戻る て くる
mean	と 息子 の 方 を 見る ながら 、 あの 密猟 団 を 追っ払う た とき 、 やつ ら は お前 ら 刺し殺す て やる と 吐く 捨てる た
mean	その 一方 、 乾く た 藁 が 爆ぜる ながら 炎 を 上げる て いる
none	悲鳴 は やむ で いる た が 、 夫人 は 気 を 失う て 長椅子 の 上 に のびる て おる 、 もう ひとり の 方 は 片足 を 肘掛 椅子 の 手すり へ だらんと 懸ける 、 頭 を 炉 格子 の 端 近く の 地面 に 転がす た まま 、 血 だ まり の なか 、 あいにく 事切れる て いる た
motive	クー・クラックス・クラン 　 名 は 小銃 の 掛金 を かける 響き に 似通う せる て 作れる 言葉 に 由来 する
mean	プレンダギャスト が 血 だらけ の 刃物 を 手 に する て 近づく て くる の を 見る た 航海 士 は 、 何とか する て 少し ゆるめる て いる た 縄 を 、 蹴る て 取り外す 、 甲板 を 駆け抜ける て 後部 船倉 に 飛び込む だ
none	一八九〇年四月二十七日 、 モーニング・クロニクル紙
mean	今朝 、 部屋 に 入る て 兄弟 が テーブル を 囲む で いる 無惨 だ 光景 を 見る なり 恐怖 に 失神 する た
none	そして その あと で 我が 友人 と 奇妙 だ 事件 の ひとつ でも 一緒 できる の だ 、 これ 以上 は 望み よう も ない
mean	我が 友 ホームズ は 微笑む で 私 の 腕 に 手 を 置く 思う に 、 ワトスン 、 君 が 実に 当然 の ごとし 糾弾 する あの 、 煙草 服毒 法 を 再開 する こと です う ね と 、 言う た
motive	これ は 何 か 悲劇 が 起こる た の だ と 確信 する て 、 御者 は 戸 に 体 当たり する て 押す 破る う と する た の だ が 、 その あいだ も 室内 から ひっきりなし の 悲鳴
none	退路 は ただ 一つ
mean	犯人 は 、 寝室 で 被害 者 を 撲殺 する 、 書類 を 奪う とる 、 遺体 を 木材 置場 まで 運び込む で 、 犯罪 の 痕跡 を すべて を 焼却 する う と する た と の こと だ
mean	魚 の 刺青 が 、 右 手首 の すぐ 上 に 彫る て ある ます
none	投げ込む
none	わたし が 何 も 言う ない と 誓う ます と 、 奥さま は 私 に 接吻 する て 、 以来 お 会う する て おる ます ん
none	さあ 、 かける た ま え
motive	どうも ウィリアム・カーワン は ひそか に 主人 ふたり を あの 夜 つける た よう だ の です
none	到着
none	約束 は 約束 です ので
none	まったく 暇 だ 稼業 だ よ
mean	と 紳士 は 声 を 振り絞る
mean	老人 は 流す れる やすい 人物 だ が 、 息子 は まったく 悪 の 権化 で 、 拳銃 で も ある ば 自分 含める 誰彼 構う ぬ いつ でも 頭 を ぶち 抜く かねる ます ん
none	はっきり と 足 の 肉 球 が 五つ 、 爪 は 長い らしい 、 全体 の 大きい さ は 菓子 用 の 匙 と 大差 ない
none	それでは 、 陛下 の 危惧 を 察す かねる ます
motive	訴える 出る という の を 、 かき集める た お金 を 出す て やる と 勘弁 する て いただく た ほど だ ござる ます
motive	だが 、 金貨 一 枚 の 賭け に する う
mean	俺 も 武器 を 持つ て たん で 、 拳銃 を 取り出す て 、 旦那 を 脅かす て 逃げる う と する ます た
none	何 でも アッパ・スウォンダム 横町 に ある 金 の 延べ 棒 という 場所 で 見つかる はず と の こと だ た
none	いったい どう やる て ?? と 言う かける た ところ で 、 シャーロック・ホームズ は 問う れる より も 早い その 疑問 に 答える た
none	だが わざわざ 杖 の 頭 に 穴 を 開ける 、 中 に 溶かす た 鉄 を 入れる て 、 手強い 武器 に なさる た
motive	僕 の 父 は チェスタフィールド で 学校 長 を する て いる て 、 そこで 僕 も すぐれる た 教育 を 受ける ます た
mean	暗い 、 悲惨 … … そう だ ね
motive	角 の 家 に 行く と 、 三つ の 金メッキ する た 球 と 、 褐色 の 板 に 白 で ジェイベス・ウィルソン と 書く れる た 看板 が ある た
motive	戸口 の 上 で 石油 灯 が ちる ちる と ゆらめく なか 、 扉 の 掛け金 を 見つける 、 中 へ と 足 を 踏み入れる た
motive	だからこそ 給与 に 気前 よい 前金 を つける て 、 中部 へ と 追いやる 、 そこで それなり の 仕事 を 与える て ロンドン へ 行く せる ない よう に する た
none	その 紙 に は 一 面 に 何 か 小 動物 の 足跡 が 写し取る れる て いる た
motive	全 財産 を 金鉱 で 稼ぐ だ
mean	本来 だ 払う の も 難しい ところ だ ん です が 、 本人 が 見習い だ いい から と 他 の 半分 の 給料 で 来る て くれる とる ん です
motive	上着 と ベスト が 床 に 落ちる 、 扉 の 後ろ の 鈎 金 から 、 首 まわり に 吊る 帯 を 巻き付ける 、 仏 ・ 中 英 金物 株式会社 社長 は ぶら下がる て いる た
motive	もう あなた と 同じ 空気 を 吸う なんて まっぴら よ
none	って 言う ます て 、 次に こう 聞く た ん です
motive	アクトン さん の お 宅 に 押し入る た あの 夜 の こと です
none	鍵 が 戸 の 内側 に 挿す って おる ぬ 、 また 部屋 の どこ に も 見あたる ない
none	材質 は 堅い 、 ずいぶん くたびれる て いる た
motive	ともに 働ける と 思う の だ 、 これ は 給与 の 前金 として 懐 に 収める て くれる
none	って
mean	毒殺 について は
mean	こっち に は 拳銃 が ある
mean	その 夜 は 肌 を 刺す よう だ 寒い さ で 、 我々 は アルスター を 着込む 、 首巻き で のど を くるむ だ
none	耐える こと は できる の です 、 留置 、 いや 罰 を 受ける こと だって
mean	妻 は ひどい 心配 する です う から 、 指 環 を 外す て 、 お巡りさん の 見る てる ない 隙 に 、 インド 人 に こっそり 託す て 、 心配 は 要る ない と 妻 宛 に 急ぐ で 書く 殴る た 手紙 も 一緒 に 渡す ます た
none	もう 一 一 時 だ
motive	そこ の 調 馬 師 の サイラス・ブラウン という 男 は 自分 の 方 の 馬 に 大金 を 賭ける て いる という こと です が 、 死ぬ だ ジョン・ストレーカ とも 仲 が よい ない た と も いう ます
motive	ベディントン は なか に 忘れ物 を する た と の 口実 で 進入 する 、 警備 員 を 殺害 後 速やか に 大 金庫 を 荒らす 、 その のち 強奪 品 とともに 逃亡 する た に 相違 ない
mean	部屋 から 出る う と する ば 撃つ と 脅しつける 、 ランプ に 火 を つける て 粉薬 を 載せる 、 窓 の 外 に 立つ て 、 銃 を 構える た
motive	あなた は 、 僕 の 作り事 に 気づく た 初めて の 人 です
mean	俺 たち ガキ ん ちょ めいめい に 拳銃 が 二 丁 ずつ ある
none	でも 、 あの 恐ろしい 男 が そこ に いる た と 証言 する て おる ます し 、 インド 人 が 階段 の 下 に
motive	ジェイムズ・バークリ の やり方 は もう お わかる だ う
motive	それに な 、 人 は 金 が ある て 、 おう よ 、 なおかつ 使い方 と ばらまく 方 を 知る てる あ 何 でも できる
motive	あわい 褐色 の ベスト から は 太い 真鍮 製 の アルバート 型 時計 鎖 が 垂れ下がる て いる て 、 先 に は 四角い 穴 の あく た 金属 の 小片 が 装飾 品 として つく て いる た
motive	奥さま の 声 は ふるえる て おる ます た
mean	アレク・カニンガム さん は 寝台 に 入る た ばかり だ 、 アレク・カニンガム くん は 化粧 着 で パイプ を 吹く せる て いる ます た
none	と シャーロック・ホームズ は 微笑む
motive	氏 は 僕 を 憎悪 する て いる
motive	と 青年 は 金 の 鼻眼鏡 を 目元 に 上げる 直す 、 お 邪魔 だ ない ば いい の です が
mean	ホームズ 独特 の 強烈 だ 威厳 が この 悲劇 の 場 を 圧倒 する て しまう 、 誰 も が 等しい 操る 人形 だ ある た
motive	同 五 歳 馬 にて 一 着 に は 金 一 〇 〇 〇 ソヴリン を 副 賞する
none	あの 人 は 大丈夫 です
motive	身長 五 フィート 七 インチ 、 体格 よい 、 顔色 悪い 、 黒髪 、 頭頂 に 小 禿 ある 、 たわわ だ 黒い 頬 髯 口髭 、 色眼鏡 、 話し方 は やや 訥々 、 失踪 時 の 服装 は 黒 の フロック コート 、 黒 の ベスト 、 金 の アルバート 鎖 、 下 は ハリス ツイード の 鼠色 、 ゴム 布 の 長靴 に 茶褐色 の ゲートル を 重ねる
motive	数 時間 後 に は 試験 が 始まる が 、 事実 を 公 に する か 、 この 多額 の 奨学 金 が かかる た 試験 に 犯人 を 受ける させる た まま に する か 、 いまだ この 二つ の あいだ で 苦しむ で いる た の だ
none	だが 事件 は その あと 、 けす て 法廷 に 持ち込む れる こと は ない
mean	ヴァイオリン 弾く 、 拳闘 家 、 フェンシング の 手 練れる 、 法律 通 、 コカイン と 煙草 の 中毒 者
motive	これ こそ まさしく 埋る 〈 臓 〉 金 だ
mean	焼き付く て 離れる ない 、 あの 子 の わき から 、 口 を 血塗れ に する て 立ち上がる た あの 姿
motive	初 見 で は 、 子ども の いたずら 描く の よう に も 見える
none	着替える ながら 自分 の 時計 に 目 を やる た
motive	私 は 向こう 見る ぬ だ 無鉄砲 だ 若者 だ た が 、 やつ に は 教養 も ある ば 出世 も 約束 する れる て いる た
motive	たち の 悪い 非常識 だ 悪戯 だ
mean	消防 の 人 と 同じく 、 肉 が 焼ける 匂い を かく だ
none	主 よ
motive	そんな 大金 は 用意 できる ます ん
none	古傷 が 目 から 頬 にかけて 一直線 に 大きい 腫れ上がる て いる ため 、 歯 が 三 本 、 絶えず むき出し に なる て いる
motive	支払う 金額 は お 任せる 致す ます し 、 都合 の よい とき で
motive	一 二 人 囚人 たち が 乗船 前 に ひそか に 企む で いる て 、 プレンダギャスト は その 首領 だ ある 、 そして 彼 の 金 が その 原動力 だ の だ た
motive	僕 の 本職 を 疑う 人 は いる ます ん です た
none	右 の 袖口 に 五 インチ ほど の てか り が ある ます
motive	という よう だ の が 会話 の 切れ端 だ の だ が 、 やがて いきなり 男 の 恐ろしい 叫び声 が 物音 とともに ある て 、 そして つんざく よう だ 女性 の 悲鳴
motive	三 年 の あいだ 、 この 子 の こと を ひた隠し に する た けど 、 いつも 世話 係 から すくすく 育つ てる と は 聞く てる た
none	寝室 の 窓 は 大きめ だ 、 下 から 押し上げる と 開く 種類 だ
none	私 は 狭い 道 を 歩く て いく
none	今 いる 部屋 の 戸 が 開け放つ れる と 、 喪服 に 黒い 面 紗 という 装い の 女性 が 室内 に 入る て くる た
motive	モーティマー・トリジェニス による 金 を 動機 と する た 犯罪 だ と 、 俺 は 確信 する た
none	そいつ を 見せる て くれる た の だ が 、 ワトソン 、 それ は インド の ルピー だ た の だ
none	そう です とも
motive	その とき 、 金庫 は 開けっ放し で 、 書類 は まとめる て テーブル の 上 に 置く て ある ます た
none	その ひとつ です
none	それから その 相手 は です ね 、 ここ で 躊躇 する て は 、 申し訳 が 立つ ます ん
mean	この 二つ の 目的 は 、 あの ひどい 頭 の 悪い 質屋 の 主人 を 、 毎日 何 時間 か 家 を 留守 に する せる 、 これ しか ない
none	だから ぜひとも 泊まる て いく て くれる
motive	七 時間 広げる て 、 午後 に 家 に 帰る の です が 、 見る て みる と なんと 、 二 六 シリング 四 ペンス も もらえる て いる ます た
none	お 出 に なる ない
motive	若い 頃 は 旅 を する て 、 舞台 に も 上がる ます た が 、 結局 ロンドン の 夕刊 紙 の 記者 に 落ち着く ます た
motive	ロンドン の 街 で は どんな 乞食 で も 年収 七 〇 〇 ポンド という わけ に は 参る ます ん が ?? 僕 の 平均 収入 は それ を 越える て ?? です が 、 それ は 扮装 の 力 という 特別 の 利 や 、 当意即妙 の 腕前 も ある ます た し 、 それ も やる て いる いる うち に 上達 する て 、 その おかげ で 中心 区 で も 顔 が 知る れる よう に なる ます た
mean	書き付ける の 表面 を 見る と 、 宛名 が 、 いつも の ホームズ の 綺麗 だ 筆跡 と は 似つく ない 、 めちゃくちゃ だ 字 で 書く 殴る て ある た
none	その 点 が 非常 に 大切 だ と 思う た から 、 僕 は 昨日 ダートムア へ 電報 を 打つ て 訊ねる て みる た
motive	ここ に 投資 する たい 金 が 数 千 ある 、 ほれる 、 そこで わし は あなた に つぎ込む う と 思う とる
motive	ニッケル 箔 の 金 梃子 に 、 ダイアモンド の ガラス 切り に 、 万能 鍵
mean	はじめ 、 姉 は わたくし が 分かる ない の か と 思う て いる ます た が 、 わたくし が 中腰 に なる と 、 突然 恐ろしい 声 を 絞り出す て
mean	なぜ 浮浪 者 は 死体 を 焼く ぬ ば なる ない ん です か
mean	すでに 日光 が 射す て いる ます た が 、 家 の もの は まだ 活動 する て いる ます ん です た ね
none	それ は 何とも 面白い 経験 を なす れる ます た
mean	得難い 男 だ さ 、 銃床 が 銃身 に対する が ごとし 誠実 だ ん だ
none	前 の 二 人 も 待つ て いる
motive	ところが 、 実に 恐ろしい 不幸 に 見舞う れる 、 使う た お金 は ひとつ も 回収 できる ぬ 、 抜き打ち の 会計 監査 で 、 私 の 使い 込み が ばれる て しまう た
motive	床 に 金具 で 固定 する て ある
motive	赤毛連盟 に 告ぐ ?? 米国ペンシルヴァニア州 レバノン の 故 イズィーキア・ホプキンズ 氏 の 遺志 に 基づく 、 今 、 ただ 名目 上 の 尽力 を する だけ で 週 四 ポンド 支給 する れる 権利 を 持つ 連盟 員 に 、 欠員 が 生じる た こと を 通知 する
none	と 畳みかける 依頼 人
none	私 は 飛び降りる て 、 シャーロック・ホームズ の あと に つづく て 曲がりくねる た 砂利 の 小道 を 進む 、 建物 へ と 向かう
none	侵入 者 の 襟首 を すばやい つかむ
none	よく わかる ます た
motive	ですが 罰金 なんて 大した こと だ は
none	今日 の 午後 、 聖ジェイムズ・ホール で サラサーテ の 演奏 が ある
motivation	男 に その 立場 を 得る ない ば なる ない 強い 動機 が ある の だ 、 と
motive	ご 指定 の 金額 は それ を はるか に 上回る て おる ます
none	とりあえず 同じ 建物 の 事務所 という 事務所 を 尋ねる 回る た ん です が ね 、 どうも 誰 も 知る ん よう だ の です
mean	鉛筆 も 刃物 も —— みな 納得 いく
mean	正午 に は その 惨劇 の 舞台 へ 着く 、 そして 友人 の 案内 で すぐ ハドソン 街 へ 向かう た
none	と 警部 は 声 を 上げる
motive	そう だ 、 その 金 は どこ へ 行く た と 思う
motive	ただ 何 か は 知る ます ん
mean	夫 は 、 わたくし など 靴 紐 を 結ぶ で さしあげる ほど の 価値 も ない 、 りっぱ だ りっぱ だ 紳士 です た
motive	懸賞 金 を 出す て 頂く たい —— あなた 自身 の 手 で
mean	と 声 を 絞る
none	すると 突然 、 一条 の 閃光 が 目 を 貫く た
none	家 は 庭 に 囲む れる て いる た が 、 その 西側 は 大通り から 三 〇 ヤード と 離れる て いる ない
motive	近ごろ 発作 を 起こす と 、 中心 区 の 東端 に ある 阿片窟 を 利用 する
none	ただ 、 待つ て いる ば 手紙 でも 届く ます よ 、 旦那 、 って それだけ 言う ん です
none	我々 が 今朝 、 出向く た 通り だ
motive	僕 の 心 は みるみる 猜疑 心 で いっぱい に なる 、 二 階 に 駆ける 上がる て 、 彼女 が うち に いる ない か 確か め に 行く ます た
motive	悪ふざけ 、 ただ それ だけ です と 、 オールデイカー の 哀れ っぽい 訴え は とめどない
none	では 仮に 、 この ヒュー・ブーン という 男 が ネヴィル・シンクレア を 窓 から 投げる た として 、 その 行為 を 目撃 する た 人間 は いる ない
mean	だが 急ぐ で —— ホームズ から キャンセル の 電報 が くる かも しれる ない —— この 事件 の 詳細 を 正確 に 書き記す た ノート を 探し出す 、 読者 諸氏 に その 物語 を 聞く せる う
none	道 の 真ん中 に 馬車 が 止まる て いる て 、 身支度 も そこそこ の 馬番 の 少年 が 、 その 前 で 待つ て いる た
mean	二 日 前 、 ウッドリ は この 電報 を 持つ て うち へ 来る て 、 ラルフ・スミス が 死ぬ だ と
motive	どこ で お金 を こさえる ば いい か 途方 に 暮れる て いる ます た が 、 突然 思いつく た ん です
motive	いや ね 、 この 基金 という の は 赤毛 の 一族 を 繁栄 する せる 、 種 の 保存 を する て いく こと が 目的 だ の です
motive	お 金持ち です から
mean	この 粉薬 も その 中 に ある た よ
motive	そんな 、 ナンシィ・ディヴォイ
mean	つまり そいつ は 哀れ だ ウィリアム・カーワン を 一 発 で 撃ち殺す た あと 、 脱兎 の ごとし 逃げる た ん です が 、 アレク・カニンガム さん が 寝室 の 窓 から その 姿 を 見る て おる ます て 、 それ に アレク・カニンガム くん も 裏口 から 見る た と
motive	けれど 、 とうとう 我慢 できる ない なる て 、 ひと目 この 子 に 逢う たい 、 抗う う として も やっぱり ダメ だ 危ない こと だ と 分かる てる た けど 、 この 子 を 呼び寄せる う と 決める た の
mean	銃口 から ミルヴァートン の シャツ まで 六 十 センチ 足らず だ ある た う
mean	僕 は 火曜日 の 晩 に 、 馬 の 持主 の ロス 大佐 と 事件 担当 の グレゴリ 警部 と の 両方 から 、 来る て 一緒 に 調べる て くれる という 依頼 の 電報 を 受け取る た ん だ
mean	赤毛連盟 の 風変わり だ 広告
none	君 も この 件 の 記事 は 読む だ こと が ある はず だ
none	あなた の 留守 中 も 、 仕事 に 精 を 出す て いる の です か
none	ほほう
motive	うむ 、 デイヴィド 、 つまり 旧約 で 言う ダビデ は 時折 やや 道 を 外れる
none	さて 、 次 は 事件 に 直接 関与 する て いる と 見る られる 悪党 ども に つく て だ
mean	この 女 が ストレーカ を 借財 で 首 の まわる ぬ まで に する 、 遂に この 悲惨 だ 結果 に 終る た 陰謀 を 企む せる た こと は 申す まで も ある ます ん
none	と シャーロック・ホームズ も うなずく
motive	鉛筆 で 、 本 の 遊び 紙 に 書く れる て いる
motive	健やか で 逞しい 、 父親 が 悪名 高い ジェイベス・ギルクリスト 勳士 —— 競馬 で 身 を 持ち崩す た 人物 で 、 この 生徒 は ひどい 困窮 に 追い込む れる ます た が 、 熱心 だ 勤勉
motive	なぜなら 彼 に は 換金 できる ない 書類 だ た から
mean	なぜ 拳銃 を 持つ て いく ない ば なる ない の か
none	朝 の 馬車 に 乗る 元気 は
motive	その 先 は どう する か 、 完全 に あなた の 自己 防衛 の 性質 に よる です う ね
none	ヴィンセント・スポールディング は 連盟 の こと に 詳しい て 、 役に立つ かも しれる ん ので 、 その 日 は 店 を 閉める て 、 つく て くる よう に 言いつける ます た よ
none	誰 だって 、 家庭 の 問題 を 他人 に 話す だけ でも 嫌 だ のに 、 初対面 の お 二 人 と 、 妻 の 振る舞い について 話し合う なんて 、 とんでも ない
mean	ポケット の 中 に は 拳銃 が 秘める られる 、 私 の 胸 は 無 暗に わくわく と 慄 える た
motive	さて 突然 、 財産 が やすやす と 手 に 入る という 誘惑 が もたげる た とき 、 君 は 我慢 が できる ない た
none	サックス・コバーグ・スクエア へ の 調査
none	ふたつ は 芝 地 、 そして もう ふたつ が 入る た 窓 の そば 、 汚れる た 板 の 上 に 浅い
none	明かり は まだ そこ に ある の だ
none	最後 に は あの 質屋 の 店先 に 戻る て くる た
mean	人 が あの よう だ 毒 を 使う と なる ば 、 まず その 効力 が 切れる てる ない か 確かめる ため 、 試す て みる ます ん か
none	やあ 、 シャーロック・ホームズ さん
none	でも ね 、 わし は … … 心 の 収まる が つく ん の です よ 、 シャーロック・ホームズ さん
mean	鉄砲玉 みる たい 逃げる て 後 に は 何 も
motive	なに 、 ほんの いたずら の ため に 自分 の 家 から 逃げる た と ある て は 、 まったく 世間 の 笑いもの で は ない か
motive	とにかく 私 は 窓 から 力いっぱい 放る 投げる て 、 テムズ川 へ 沈める ます た
mean	ノミ なり 硬い 刃物 なり が 差し込む れる て 錠 が こじ開ける られる て いる た
none	では 始める て くれる
mean	まあ 、 その 鵞鳥 は 今頃 、 ピータソン の 家 の 暖炉 の 前 で 、 あぶる 焼き に する れる て いる に 違い ない
motive	私 は ふと ホームズ に 会う たい 、 人並み なる ぬ 能力 を 発揮 する の を 見る たい 、 そんな 衝動 に 駆る れる た
motive	この 青年 は 元来 、 性格 も ごく 静か だ 、 決して 激情 的 だ 若者 で は ない た
mean	惨劇 の とき まさに 窓 が 開く て いる た と する ば 、 間違い ない 現場 に は 第三者 が おる 、 開く て いる た 窓 の 外 に 立つ て 、 そこ から 中 へ 向ける て 発砲
none	が 一案 が 浮かぶ で 、 御者 は 玄関 の 戸 から 走り出る て 芝 地 を 回り込む 、 例 の 長い フランス 窓 の ところ へ 向かう た
mean	彼 に は 厩 番 の ハンタ に 薬 を 盛る た 嫌疑 が ある ます
none	と シャーロック・ホームズ は 言う 、 再び 物思い に 沈む の だ ある た
none	それから どう なさる ます た か
mean	ワトスン 、 動物 園 で けばけばしい 毒蛇 なんか を 見る た とき に する 、 薄 気味 の 悪い 、 ぞっと する よう だ 感じ が する だ
mean	気の毒 だ が 起きる た まえる 、 ワトソン
none	勤務 時間 という の は 、 どの くらい の もん だ ん です か ね
motive	失踪 する た 名馬 に関して は 、 ストレーカ の 格闘 中 その 辺 に いる た もの と 見える 、 死 の 凹む の 附近 に 無数 の 足跡 が ある た が 、 それ 以来 全く 行方 不明 だ 、 莫大 だ 賞金 も かける られる た こと だ し 、 ダートムア の ジプシー ども が しきりに 目 を 配る て も いる の だ が 、 全然 知れる ない 、 最後 に 、 ハンタ の 食べる 残す た 夕食 を 分析 する て みる と 、 その 中 に は 阿片 末 が かなり 多量 に 混入 する て いる こと が 分る た
none	この ロイヤル・マロウズ の 第 一 大隊 （ 旧一一七部隊 に なる が ） 、 これ は 長年 オールダショット に 駐留 する て いる
none	これ は 古着 を 貧民 に 支給 する の を 狙い として 、 ワット 街 教会堂 の 協力 で 作る れる た 組織 だ の だ が 、 その 日 の 晩 の 八 時 に その 組合 の 会合 が 行う れる ので 、 ジェイムズ・バークリ 夫人 は 出席 する う と 夕飯 を 急ぐ で 済ませる た
none	他 の 人 だ 、 この 点 は 致命 的 に なる かねる ない の です が 、 この よう だ 素晴らしい 髪 を 持つ た 方 の こと
motive	この 卑怯 者
none	ところで 目下 、 僕 も その 読者 と 同じ 立場 に ある
motive	アーサー ・ ピナー 　 金融 代行 業 と 印字 する れる て いる ます て
none	弁護士 だ
mean	そして 高まる た ところ で 、 首 でも 絞める られる た か の よう だ 音 とともに いきなり 切れる
motive	靴 底 の 金具 に つく て いる た 土 が 机 の 上 に 残す れる 、 また 一度 こぼれる て 寝室 に 落ちる
motive	今 の わたくし で は お礼 も 十分 に は 致す かねる ます が 、 あと ひと月 ふた 月 の あいだ に 結婚 する て 、 お金 を 自由 に できる よう に なる ます ので 、 そう する ば 相応 の お礼 も できる か と 思う ます
motive	それから 父親 が 夜 、 部屋 に 引き取る 音 が 聞こえる た 、 あなた は 窓 の 鎧戸 を 開く 、 掛け金 を 外す て 、 そこ から ランプ で 僕ら に 合図 する て くださる
motive	それ ゆえ 、 金銭 問題 が 本人 の 心 に 重い のしかかる て いる という の は 筋違い と 言える う
none	君 が どう 役に立つ か 、 そう 、 貴重 だ 役割 を 果たす ほど に
motive	ちょうど 私 の 位置 から は 、 金庫 の ドア が 完全 に は 閉まる て いる ない の が 明らか すぎる ほど はっきり と 見える て いる た
none	だが 、 結局 は 何 で も ない こと だ ん です な
motive	護身 用 として も 、 攻撃 用 として も 貧弱 だ こと は 貧弱 です が 、 その 時 手近 に ある た もの の うち で は 、 これ が 一番 よい た ん です う
motive	男 の 名 は ヘンリ・ウッド 、 ご 婦人 方 が 男 と 会う た まさに その 街 の 下宿 に 住む で いる た
none	指 を もぞもぞ する せる て いる と 思う ば 、 手 が にゅっと 出る て くる た
none	と 私 が ほほえむ と 、
mean	電報 に よる ば どうも 、 ホームズ 先生 、 代理人 の ふり は 無駄 だ た よう だ
none	だから … … だから です よ 、 あんた が 困る た 人 の 相談 に ちゃんと 乗る て くれる 、 ちゃんと 手助け する て くれる 、 っていう 人 だ と 聞く て いる た から です ね 、 わし は 一目散 に やってくる た わけ だ ん です よ
none	おや 、 へぇ
none	まったく あっさり する た 事件 です た な 、 結局
motive	あっ という ま に 金庫 の ドア を 閉める て コート を とりあげる 、 道具 を ポケット に 押す こむ と 、 私 に つく て くる よう 合図 する ながら 出窓 の カーテン の 後ろ に 飛びこむ だ
motive	役者 だ た 頃 、 もちろん 扮装 術 は 学ぶ ます た し 、 その 腕前 も 楽屋 で は 評判 です た から ね
motive	もし 、 ミルヴァートン の 目 つき が こわばる たり する て 、 金庫 の こと に 気付く れる た と わかる た とき は 、 飛び出す て いく て 、 自分 の コート を 頭 に かぶせる 羽交い締め に する 、 あと は ホームズ に 任せる う と 心 に 決める た
mean	その 、 僕 の 考え で は 、 その 気の毒 だ ウィリアム という 男 が 来る た の は 、 強盗 が 屋敷 に 入る 前 だ ない あと だ という の も 、 まあ ある うる の だ は ない か と
none	つく て くる た まえる 、 ワトソン
none	だが 人間 も 年 を 取る と 、 故郷 が 恋しい なる
mean	いつ 何 時 つかまる て 調べる られる かも 知れる ぬ 、 なお 宝石 は 胴着 の かくす の 中 に ある の です
none	こっち から 行く ん じゃ ない て 、 向こう から 来る て くれる ます から ね
none	に する て も 、 その 鉄 の 身体 で さえ も が 二 ヶ月 にわたる 捜査 の 重圧 で 参る て おる 、 その 期間 は 一 日 の 活動 が 十 五 時間 を 下る こと が 決して ない 、 当人 の 話 で は 一度 なる ぬ 五 日間 も 立て続け に 机 に しがみつく て いる た こと まで ある た という
mean	写真 は 右側 、 呼び鈴 の 紐 の すぐ 上 、 羽目板 を ずらす た 窪 みの 中 に ある た
none	他 に は 何 か
mean	と 声 を 出す ものの 、 薬 の 反動 か 弱々しい ぼろぼろ の 体 で 、 全身 の 筋肉 が 震える て いる た
none	その とき 、 メリウェザー 氏 は こう 言う た
none	警察 か
mean	カラザズ さん が 間 に 入る て 引き離す て くれる ます た が 、 あの 男 は 家主 に 飛びかかる て 殴る 倒す て しまう 、 顔 に 怪我 まで
motive	第 一 、 モラン 大佐 と アデイア 青年 と は 、 その 仲間 の 間 で 、 かなり の 金 を 勝つ た と 云う こと は 、 もう 明 か に なる て いる の だ
none	僕 が 君 の 帽子 を 見る て 一 週間 分 の 埃 が たまる て いる た と する
none	男 の 大きな 声
motive	建物 内 を 調べる た ところ 、 警備 員 の 惨殺 体 が 折りたたむ れる た 状態 で 最大 の 金庫 に 押し込む れる て いる の が 発見 する れる 、 トゥーソン 巡査 部長 の 迅速 だ 行動 が ない ば 月曜 まで 見つかる ない た もの と 思う れる
motive	経緯 は こう だ
motive	その 男 は 自分 より かなり 年上 の 女 と 金 目当て で 結婚 する た
none	ね 、 見事 だ もの です う
motive	金庫 、 牛乳 の 皿 、 先 を 輪 に 結ぶ で ある 鞭 、 これら を 見る ば 、 もはや 少し の 疑問 を 残す ところ も ない
none	それなら ある そう だ
mean	カラザズ 、 君 も その 拳銃 を くれる ない か
mean	先 の 火曜日 、 ホームズ から くる た 電報 に —— ホームズ は 電報 の 届く ところ に 手紙 を 書く よう だ 人間 で は ない —— こんな こと が 書く て ある た の だ
mean	毒蛇
none	シャーロック・ホームズ は 眠りこける た の だ 、 と 思う た
none	さながら 移民 船 の 一室 だ
mean	しかも それ を やる とき の 顔 と 来る た 、 小馬鹿 に する た よう だ 、 意地 の 悪い そう だ 横柄 だ 顔 、 あいつ が 同じ 年 くらい の 男 だ た 、 もう 二 十 回 は 殴る てる ところ だ
none	ああ 、 外 で 待つ せる て ある
mean	欧州 じゅう が 友人 の 名 に 沸く 、 部屋 じゅう が 祝電 で 文字通り 足 が 埋まる て しまう た とき も 、 見る と 友人 は 黒 々 と する た 憂鬱 の 餌食 に なる て いる
motive	この 悪癖 が 身 に 付く た の は 学生 時代 のち ょっとしたおふざけかららしい
mean	銃声 が 家 の もの を 起こす て しまう た の だ
none	一撃 を 避ける う と 身体 を 翻す た お それ も ある
none	そこ の 持ち主 は 、 角張る た 顔 に 整える られる た 頬髭 、 どこ か 馬 好き の 雰囲気 が ある 、 手伝い の 少年 と 一緒 に 店じまい を する て いる ところ だ た
none	すぐ に 軽 馬車 で 出る られる う
motive	さて 彼女 の 結婚 は 、 むろん 年 百 の 損失 を 意味 する
none	と 駅 へ と 向かう ながら 私 は 言う た
none	ぐずぐず する て いる 暇 は ない
motive	もっとも それ は 、 わたくし ども 姉妹 が 、 継父 と 一緒 に 暮らす て いる あいだ の こと だけ だ 、 もし わたくし ども が 結婚 いたす ます と 、 それから 後 は わたくし ども に も 毎年 ある 決まる た 金額 の 金 を 分ける て くれる 決まり に なる て いる の だ ござる ます
mean	それにしても カラザズ 、 君 は 懐 から 拳銃 を 出す べし だ は ない た
mean	それから ホームズ の 問い に対して は 、 火薬 の 臭い が する た の は 、 一番 上 の 自分 たち の 部屋 を 飛び出す た とき だ ある た 、 と 答える た
none	なんて こと だ 、 子ども たち に 父親 の こと だ 恥ずかしい 思い を する て ほしい ない た の です
none	あの 質屋 は 小さい
mean	ここ に 入る ば どんな やつ でも ちょっとした 金持ち に なれる ん です よ
none	私 は 、 自分 が 周囲 の 人 より 頭 が 悪い と は 思う て いる ない
motive	何 か まずい こと が 夫 に 起こる た の だ と 確信 する て 、 目 の 前 の 段 を 駆ける 下りる た が ?? その 建物 が 他 なる ぬ 今晩 君 が 僕 を 見つける た 阿片窟 で ?? 正面 の 部屋 を 走り抜ける て 二 階 へ 続く 階段 を 上る う と する た
motive	というのも 、 わし は … … これ は みんな 詐欺 か 悪ふざけ に ちがい ない 、 目的 は よく わかる ん が 、 きっと そう に ちがい ない 、 と 考える よう に なる た ん です
mean	アレク・カニンガム さん は 寝室 から それ を 見る て いる た の です が 、 そいつ が 道 に 出る た ところ まで だ 、 すぐ に 見失う て しまう ます た
motive	すぐさま 私 は 一撃 を 食らう て 気絶 、 手足 も 縛る れる
mean	拳銃 を 持つ たまえ
motive	モリアーティ 教授 は 、 彼 に よく 金 を くれる 、 そして 普通 の 犯罪 者 など は 使える ない 、 ごく 高級 だ 仕事 の 場合 に だけ 、 一 二 度 使う た の だ
motive	馬車 に 乗り込む 、 懐 から 金 の 懐中時計 を 取り出す 、 まじ と 見る た の だ
mean	毒性 の ない 煙 を 吸う の も いい 気分 転換 に なる だ う と 、 ホームズ が 言う た
none	手短 に 言う と こう だ
motive	いくら お 給金 が よい て も 、 今 の 立場 の 息苦しい さ の 埋め合わせ に は なる ます ん
none	わし に できる こと だ 何 なり と 、 シャーロック・ホームズ 先生
motive	債権 者 に 二 週間 の 猶予 を もらう 、 雇い主 に も 休み を もらう て 、 変装 する て 中心 区 に 物乞い に 時間 を 費やす て みる た ところ 、 ほんの 一〇日 で お金 は 集まる 、 借金 も 返せる ます た
motive	入口 に 近寄る と 、 ふう に 物陰 から 女 が 現れる 、 ランプ の 黄金 色 の 光 を 背 に する て 立つ た
mean	これ は ダンダス 夫妻 の 別居 訴訟 と 言う て 、 あいにく 僕 も この 件 の 謎 解く に 少し ばかり 噛む で いる
motive	我々 の 気高い 慈善 者 は わたし たち に 基金 を 遺す て くれる ます た が 、 私 も その 恩給 を 受ける て いる 者 の 一 人 です
motive	と 差し出す れる た 古 金色 の 嗅煙草 入れる 、 蓋 の 中央 に は 大粒 の 紫 水晶 、 その 見事 さ が 友人 の 質素 だ 暮らし ぶり と あまりに 対照 的 だ ある た ため 、 口 を 挟む ぬ に は いる られる ない た
none	そして 突然 、 追求 欲 が 湧く 起こる て 、 あの 見事 だ 推理 力 が 直感 の 高み まで 昇る つめる 、 ついに シャーロック・ホームズ の やり方 に 疎い 者 だ も 、 まるで 仙人 か 何 か の よう だ 知識 を 持つ て いる の だ は ない か 、 と 不審 の 目 で 見る の だ ある
none	こんな 言葉 を 聞く て です ね 、 わし も がっかり する ちまう ます た よ 、 シャーロック・ホームズ さん
none	さて 読む か な
mean	寝台 、 絨毯 、 椅子 、 炉 棚 、 死体 、 綱 に 至る まで ひとつひとつ 順番 に 調べる て 、 とうとう もう 結構 だ と 言う 、 私 と 警部 も 協力 する て 、 その 惨め だ 物体 を 降ろす 、 うやうやしい 布 で 覆う た
none	それ が 見つかる た こと と 、 また その ろくでなし が はっきり と 動揺 を 示す た こと も ある て 、 警部 も 事 の 深刻 さ を 認識 する た
motive	ところが 金具 が ある の を 見る て 、 うまい 手間 が 省ける た
none	時間 が ない
none	嗅ぎ煙草 を 愛用 する て いらっしゃる こと
none	実際 に は 、 肌着 の 右 袖 に 血痕 が いくつ か 付着 する て いる た の だ が 、 その 男 は 薬指 を 差し出す 、 爪 の 近く を 切る た ので そこ から 血 が 出る た の だ と いう 、 さき ほど まで 窓 の 側 に いる た から 、 あそこ で 見つかる た 血痕 も 、 この 傷 から 出る た もの に 相違 ない の だ と 言う 添える 始末
mean	やつ 、 ジョン・クレイ が 地下 室 で 何 か する て いる
none	興味深い 事件 で は ある
mean	リヴォルヴァ の 銃身 が きらめく た
mean	さっき 、 ぼく は やつ を ロンドン 一 の 悪党 と 言う た けど 、 かっと なる て 仲間 を 殴る たおす て しまう よう だ チンピラ と は 比べもの に なる ない だ う
none	と 私 が 、 その 指 に 巧み だ ブリリアントカット の 宝石 が ある のに 目 を 付ける て 訊ねる と 、
none	まだ アルカディア・ミクスチュア を 吸う て いる の か
none	そこ は 小さい 役所 然 と する た 部屋 で 、 卓上 に は 大きな 台帳 が ある 、 壁 から は 電話 が 突き出る て いる た
mean	だが 多く の もの の 例 に 漏れる ぬ 、 始める の は 易しい が やめる の は 難しい と やがて 気づく 、 長年 の あいだ 薬 の 奴隷 と なる つづける て 、 友人 や 親類 から 、 恐れ と 哀れみ の 入り交じる た 目 で 見る られる の だ た
motive	尊厳 と 金銭 の あいだ で 葛藤 が ある ます た が 、 ついに お金 が 勝つ 、 記者 を 投げ出す て 来る 日 も 来る 日 も 、 最初 に 選ぶ だ 隅 に 座る て 、 哀れ だ 顔 で 同情 心 を くすぐる て 、 懐 を 金 で いっぱい に する ます た
motive	何 か の 悪戯 ——
motive	それほど 競馬 界 切る て の 人気 を つづける て 来る ながら 、 まだ 一 度 も その 贔負 に 失望 を 与える た こと が ない もの だ から 、 少々 ぐらい 賭 金 は 高い て も 、 依然として 白銀 号 に は 莫大 だ 金 が 賭ける られる という わけ だ ん だ
mean	実際 、 今 でも あの 青年 の 喉 を 絞める 手 を 感じる ます し 、 あの 親 は 紙 を 僕 の 手 から 奪う う と 僕 の 手首 を ねじる た の です から 、 ふたり は 僕 に 見破る れる た と 悟る て いる た よう だ
motive	ウリヤ と バト・シェバ の 挿話 は 覚える て いる ね
none	シャーロック・ホームズ が 自分 の 感情 を 隠す の が 上手い と は いう 、 私 に は 興奮 を 抑える つける て いる こと が 容易 に わかる た し 、 私 の 方 も 嬉しい て 心 躍る の だ が 、 その 半分 は 冒険 の ため 、 もう 半分 は 謎 の ため で 、 シャーロック・ホームズ の 捜査 に 加わる とき に は いつも 感じる の だ た
mean	まさか こんな もの が 、 空気 銃 から 飛び出る て 来る た もの だ と は 、 思う ない から ね
mean	だが 今回 は まる 二 日 も 過ぎる て おる 、 さだめし 波止場 の 屑 連中 に 混じる て 寝そべる ながら 毒 を 吸う て いる か 、 その 効き目 で 眠る て しまう た という ところ だ う
mean	あまり すぐれる ない よう だ 、 中部 の 電気 技師 の 若者 に 電報 でも と ほのめかす ば 、 きっと 全快 する
none	ナンシィ・ディヴォイ に も 昔 馴染み に も 、 ヘンリ・ウッド が 背 を 伸ばす た まま 死ぬ だ と 思う れる た 方 が いい
motive	身体 が 悪い と 見受ける ます て 、 と 申す ます の は 、 頭 を 低い 垂れる て 膝 を 曲げる て 歩く て 来る た から だ ござる ます
none	と 私 は 言う
mean	一方 が 一 発 撃つ と 、 もう 一方 が 倒れる て 、 犯人 は 庭 を 抜ける て 生け垣 を 乗り越える て 走り去る て しまう て
none	と 去る 際 に 女 は 言う 、 それ 以上 の 言葉 は 聞こえる ない た
motive	これ が 前金 の 一 〇 〇 ポンド だ 、 こっち が 紹介 状 だ
motive	一方 で 夫人 の 声 は たいへん 痛切 だ 、 張り 上がる た とき に は はっきり と 聞こえる た そう だ
none	あなた へ の 所業 を 真っ向 なじる た に 相違 ある ます ん
none	色々 と 行き届く ぬ こと も ある ます う が 、 どうか お許し を
none	事件 解決 に ご 協力 いただく 、 わたくし ども も 大いに 感謝 する て おる ます
mean	なぜ って 、 ここ に 赤毛 連盟 の 欠員 が ある ん です よ
mean	ハドソン の 想像 で は 、 航海 士 の マッチ と いう より は 、 囚人 の 誰か が 誤る て 銃 を 撃つ た が ため に 起こる た の だ という
mean	モウソン へ 電報 を 打つ こと です
none	君 は これ を 何 と する
none	店 の 面倒 は あっし に だって 出来る ます から
none	一 人 は かねる て から の 知り合い 、 警視庁 の ピーター・ジョーンズ だ た
none	さて 、 着く た か
motive	悪戯 じゃ ない ヨ 、 こんな ひどい 目 に 遭う てる ん だ
motive	ところで お前 さん 、 新 らしい 着物 が 一 重ね 拵える られる お金 の 儲かる 話 が ある ん だ が 、 嫌 だ なんて 見栄 を 張る お前 さん じゃ ある ます まい ね
none	仕事 で 関わる 合う に なる 前 だ が 、 この よう に わずか だ 時間 で 物 が 得る られる の か と 驚く た 覚え が ある
motive	まあ 、 あの 方 が わたくし から お金 を 借りる て いる とか 、 結婚 する た あの 方 が お金 の 分け前 に あずかれる とか だ いざ 知る ぬ 、 ホズマ は 自分 の 財産 も かなり 持つ て おる ます し 、 わたくし の お金 を 気 に する た こと すら ない の です から
mean	と 言う や 、 女性 の 甲高い 悲鳴 —— 恐怖 の あまり のど から 絞る 出る た 悲鳴 —— が 前方 に ある 深い 緑 の 藪 から 聞こえる て くる た
mean	ワトソン 博士 、 かしこまる ます た 、 名刺 を お 預かる する ます
mean	カチャリ と 鍵 を かける 、 次 の 瞬間 に は 、 よろよろ と 寝台 に 引き返す 、 ない 力 を 無理 に 振り絞る た ため 、 あえぐ ながら ぐったり と する
none	ここ まで 夜 の あれ や これ や で 疲れる て いる た の だ
mean	そこ は 小さい 役所 然 と する た 部屋 で 、 卓上 に は 大きな 台帳 が ある 、 壁 から は 電話 が 突き出る て いる た
motive	阿片 に 手 を 出す 気配 という の は
motive	この 事件 に は 少々 金 を 使う ます た
motive	その 時点 でも 妙 だ お 使い だ と 思う て いる た が 、 その あと の 展開 が あれ ほど 不思議 だ もの に なる と は 、 私 は まだ 知る よい も ない た の だ
none	つまり その 住所 を 書く 慣れる てる ない という 事実 を 指し示す ます
mean	質屋 を おびき出す のに 、 一 週間 四 ポンド 必要 だ ある た わけ だ が 、 何 千 ポンド の 賭け を する て いる ん だ 、 その くらい 造作 も ない
none	これ が 現状 だ 、 ワトソン
mean	イングランド 史 に も 女王 が ひとり いる ます ん か 、 その 種 の 傷 から 毒 を 吸い出す た 人物 が
mean	パラドール の 間 の こと 、 大 家具 屋 の 地下 室 に 集う 素人 乞食 団 なり 一流 倶楽部 の こと 、 英国 帆船 ソフィ・アンダソン 号 難破 に関する 真相 の こと 、 ウー ファー 島 の グライス・パタソン 一味 の 奇 譚 の こと 、 〆 は キャンバウェル 毒殺 事件 の こと
motive	フールスキャップ の 代金 も 相当 かさむ で くる て ます た から ね
motive	もう お わかる です う が 、 週 二 ポンド の ため に あくせく 働く 日々 に は 戻れる ない なる て 、 もう 、 顔 を 塗る て 汚い する て 、 地面 に 帽子 を 置く て 座る て いる だけ だ 、 かなり の 額 が 稼げる という こと に 気づく て しまう た の です
mean	その 電報 を 送る たまえ 、 あと は 朝 まで 寝かす て おく う
mean	ホームズ は 呼び鈴 の 紐 へ 駆け寄る 、 羽目板 を ずらす 、 手 を 突っ込む だ
mean	か ちっと いう 音 が する て 、 電灯 が つく た
mean	しかも 馬車 を 寄せる た 家 という の は 、 たいそう ご 立派 だ もの らしい 、 古風 だ 鉄柵 、 荘重 だ 門扉 、 真鍮 の 造作 、 そして 色 電灯 の 放つ 紫 の 光 を 背 に 受ける 現れる た 威儀 ある 執事 に 至る まで 、 見事 に すべて 調和 する て いる た
mean	彼 は ボールドウィン 、 キャバンディッシュ 、 バカテル と 云う 骨牌 倶楽部 の 会員 だ ある た が 、 彼 は 惨殺 する れる 当日 は 、 昼食 後 バカテル 倶楽部 で 、 ホイスト の 勝負 を やる て いる た と 云う こと が わかる て いる
motive	いかん ともす がたい 衝動 という もの だ 、 一度 なる ぬ も 利用 する た う
motive	それから 赤毛 の 鬘 に それなり の 服装 を する て 、 中心 区 の 実業 街 に ある 定 位置 に つく 、 マッチ 売る の 振り を する ながら 、 本当は 乞食 を やる わけ です
mean	西アフリカ の 一 地方 で は 、 薬草 師 ども が 神 裁 用 の 毒 として 用いる 、 連中 の 間 で 秘密 に する れる て いる
mean	着く た 日 の 晩 、 我々 は 夕食 後 に 大佐 の 銃器 室 で 腰 を 落ち着ける て いる た
mean	と 声 を 絞り出す
mean	気の毒 に 、 英国 の 職人 を 近頃 なか へ 入れる た ね
motive	活動 目的 は 政治 に ある 、 殊に 黒人 有権者 の 脅迫 、 その 主義 に 反対 する 者 の 殺害 ないし 国外 追放 に ある
none	ほんの 些細 だ こと だ の だ が 、 ?? シャーロック・ホームズ は 親指 を 使う て 、 古い 帽子 の 方 を 指し示す ?? 実際 やる て みる と 、 まったく つまる ん という わけ だ も 、 学ぶ ところ が ない わけ だ も ない
none	その ひとり に する て も 、 足 の 悪い ひどい 身なり の ろくでなし で 、 どうも そこ を 寝床 と する て いる らしい た
none	私 が 何 か 知る てる と
none	こんな やつ だ から って おどかす う って の か
motive	ジェイムズ・ウィンディバンク さん は その 利回り から いつも 四分の一 引き出す て 、 そのまま 母 に 渡す て おる ます て 、 わたくし 自身 は 、 自分 が タイプ 打ち で 稼ぐ だ 分 で ちゃんと うまい やる て ゆける ます から
mean	なかには わが国 の 中世 建築 を 特徴付ける 珍しい 箇所 が 数々 ある 、 ホームズ は その うち の ひとつ に 見とれる 、 手帳 に その 絵 を 描く つける たい と 言う 出す た が 、 鉛筆 を 折る て しまう 、 部屋 の 主 から あらた に 借りる ぬ ば なる ぬ 、 とうとう 刃物 まで 借りる て 削る 羽目 に
mean	こう する ば 、 毒 から 同じ 距離 を とる て 、 向かい合う せる で いる こと が できる
mean	その 日 に 私 は リヨン から 電報 を 受け取る 、 ホームズ が オテル・デュロン という ところ で 病 に 伏せる て いる と 知らす れる た
mean	彼 は 僕 の 向かい に 座る 、 机 の 端 の 方 へ ランプ を 引き寄せる て 、 何 か が 書く 殴る れる て いる 小さな 紙 を 、 僕 に 手渡す た
mean	頻繁 に 来る ので 、 三 日 目 に は 誰 も が 寝台 の 下 に ヤスリ 一 丁 と 拳銃 二 丁 、 火薬 一 ポンド に 二 〇 発 の 弾丸 と を 隠し持つ こと が できる た
motive	でも 、 この 自分 の 惨め だ 秘密 が 家族 の 汚点 と なる て 、 子ども を 巻き込む の だけ は … …
mean	百科 事典 を 筆写 する せる
none	引っ張る て もじゃもじゃ の 赤毛 を 取り外す と 、 そこ に 、 寝台 に 起き直る た の は 、 青白い 悲しい げ だ 顔 の 、 品 の ある 男 で 、 黒髪 に つるつる の 肌 、 目 を こする て 寝ぼける て 戸惑う ながら も シャーロック・ホームズ の 方 を じろじろ と 見る
motive	と 、 ホームズ は 金庫 の 上 から 牛乳 の 入る た 小皿 を 下ろす て みせる た
none	胸 が 締め付ける られる よう だ 感覚 … …
mean	でも 、 この 自分 の 惨め だ 秘密 が 家族 の 汚点 と なる て 、 子ども を 巻き込む の だけ は … …
none	と シャーロック・ホームズ は 述べる た
mean	まもなく 爆発 が 起こる た
mean	目 は 刃物 の よう だ が 、 それ を 見る ぬ 顔 だけ に 明かり窓 の 光 を 当てる た 、 喜ぶ で いる と も 受け取れる 、 といった 具合 だ
none	指 の 汚れる た 男 が 本日 グレイヴズエンド で 投函 か
motive	礼服 の 袖 を まくる あげる と —— コート は 椅子 に のせる て ある た —— ドリル を ふたつ 、 金 梃子 、 万能 鍵 の たぶ を 取りだす た
none	その 男 は 身体 を 起こす 、 顔 が ひどい 青ざめる て いる が 、 目 は 正気 に 戻る て おる 、 喉 に まだ 巻き付く て いる 赤い 幅広 の 帯 を 所在 ない いじくる て いる
none	君 に 反撃 の 余地 は ない
none	だが まもなく 順応 する た よう だ 、 ジェイムズ・バークリ 夫人 は ずっと 連隊 の ご 婦人 方 の 人気 者 だ
mean	毒 トカゲ 、 別名 ヒーラ
mean	あの 薬 びたり の ご 友人 と やら を どける て くれる と 、 たいそう 恩 に 着る の だ が
motive	先生 、 ですが うち に いる と は いう 脛 を かじる たい ござる ます ん から 、 お金 の 扱い について は 、 一緒 に いる あいだ だけ は 預ける て おる ます
mean	外装 の 上 に 残す れる た 粉薬 の 残骸
mean	そうすると 、 燃焼 によって 作用 する 毒物 が 使用 する れる た という 推理 が できる
mean	ただ 神 の 御 心 が 命 を 奪う た の だ
mean	部屋 中 ひっくり返す れる 、 引き出し を 開ける られる 、 戸棚 は かき回す れる 、 結果 として は ポープ 訳 ホメロス の 一方 、 めっき の 燭台 を 二 台 、 象牙 の 文鎮 ひとつ 、 楢 の 小型 気圧 計 に 糸 撚る 玉 ひとつ しか 消える て おら ん かる た
mean	パイプ 架ける 、 刻み煙草 入れる 、 注射 器 、 折りたたみ ナイフ 、 リヴォルヴァ の 弾薬 、 その他 がらくた が その 上 に 散らかる て いる た
mean	ようやく 、 彼 は その 惨たらしい ニュース を 放つ た
mean	その 火薬 箱 は 船 に 積み込む だ 一 〇 〇 個 のち の ひとつ で 、 彼 は 、 これ 以上 狼藉 を 働く だ 全力 で 爆発 する せる ぞ と 言う 切る た
motive	いつも は 重い ランプ を 下げる て いる 金具 に ひも を 結びつける て
none	だが さらに 問い詰める と 思い出す て 、 夫人 の 口 から 二 度 デイヴィド という 言葉 が 出る た の だ という
motive	ですが アレク・カニンガム くん は 取り扱い 注意 の 危ない 男 です
none	それ を 今回 の 捜査 へ 徹底的 に 使う た
motive	だいたい 、 どこ の どく つ が そんな 遺言 を 書く て 、 大 英 百科 事典 を 書き写す 、 そんな つまらない 仕事 に こんな 金 を 払う ん です う か
motive	老人 は 流す れる やすい 人物 だ が 、 息子 は まったく 悪 の 権化 で 、 拳銃 で も ある ば 自分 含める 誰彼 構う ぬ いつ でも 頭 を ぶち 抜く かねる ます ん
motive	ジェイムズ・バークリ の 奥さま は 死ぬ だ みたい に 真っ青 に なる 、 もし その 恐ろしい なり の 男 が 抱きとめる ない ば 、 倒れる て しまう て いる た かも しれる ます ん
none	博士 、 君 は 新聞 の 名前 や 日付 を 書き留める て くれる ない か
mean	僕 は そんな もの は 見る やす ない よ 、 だが 、 この 線路 の 電柱 は 六 十 ヤード ごと に 立つ てる の だ から 計算 は 極めて 簡単 に 出来る ん だ
mean	もし 子ども が クラーレ なり 何 か 他 の 邪悪 だ 薬 なり に 浸す れる た 矢 の 一 本 に 刺す れる う もの だ 、 意味 する ところ は 死
none	何と
motive	と ホームズ が 言う と 、 薄闇 を 抜ける て 、 高い さ の ある 軽装 二 輪 が 飛び出す て くる て 、 両 脇 に つく た 角灯 から 漏れる 黄色い 光 が 、 金 の 筋 を 引く て ゆく
none	まあ 待つ たまえ
motive	私 が 申し上げる た 金額 で 手 を 打つ れる た ほう が 賢明 だ は ある ます ん か
motive	そう 、 彼女 の 心 は 私 に ある た が 、 その 父 は バー クリ と 結婚 する せる う と 決める て いる た
none	次第に ダンカン・ロス さん は 朝 に 一 度 しか 来る ない よう に なる て 、 そのうち さっぱり 顔 を 見せる ない よう に なる て しまう ます た
mean	ここ に ある の は 、 突飛 だ 出来事 から ウバンギ 地方 で 手 に 入れる た ん だ など と 話す ながら 紙 を 開く と 、 中 から 赤 茶色 の 鼻 から 吸う タイプ に 似る た 粉薬 が 出る て くる た
motive	赤 髪 に する て 心身 とも に 健全 だ 二 十 一 歳 以上 の 男性 は 誰 でも 資格 ある
mean	絶縁 体 に 電気 を 流す 電池 の 気持ち と は 、 こんな 感じ だ う か
motive	その 日 まで に 、 君 は 仏 ・ 中 英 金物 株式会社 の 営業 部長 に なる て いる こと だ う
motive	自己 防衛 を 、 何 に対して
mean	レス トレード 君 、 この 銃 と それ から これ に 添える た 弾丸 と は 、 君 の 最善 の 注意 に 委 托 する ます よ
none	ジェイムズ・バークリ 大佐 本人 に は 、 その 性格 に 変わる た 一 面 が ある た らしい
none	では 、 いる つ 頃 から こちら の 仕事 に つける の です う か
motive	彼 の 才 の 突出 する た ところ は 、 この 田園 を 揺るがす 強盗 騒ぎ について 、 脅威 と なる 男 を 排除 する 絶好 の 機会 だ と 見る た ところ です
motive	だが 本当に 彼女 が 誓う た の は 私 、 だから 彼女 は 私 の もの に なる はず と 思う て いる た 矢先 、 あの 大 反乱 が 勃発 する 、 国 じゅう が 地獄 絵図 と 化す た
none	仕事 を 手早い 済ませる て しまう ば 、 逃亡 する 時間 も 長い なる から だ
motive	ええ 、 大変 やく もち で —— 南国 生まれ の 激情 が ない せる わざ です
none	と なる と 七時半 から 九 時 の あいだ に 、 旦那 に対する 夫人 の 感情 を 激変 する せる よう だ こと が ある た わけ だ
none	ええ 、 意識 を 取り戻す 次第 、 逮捕 する れる 予定 です
motive	金 に関する 家庭 内 の 揉め事 が ある て 、 モーティマー は 離れる て 暮す よう に なる た が 、 後で 仲直り する て いる た らしい
motive	当時 の 本人 から 見て取れる の は 、 血の気 の 失せる た 土気色 の 顔 に 、 垂れ下がる た 瞼 、 開く きる た 瞳孔 で 、 椅子 に 座る た まま 身体 を 丸める 姿 は 、 落ちぶれる た 上流 の 人間 そのもの だ ある た
mean	それに 、 ヨーロッパ 科学 が この 毒薬 を 検出 する のに どれほど 無力 か という こと も
none	ジェイムズ・バークリ 大佐 が 結婚 する た の は 軍曹 の 時 で 、 その 妻 は 結婚 前 の 名 を ナンシィ・ディヴォイ と いう 、 同 連隊 の 元 軍旗 軍曹 の 娘 に なる
mean	それとも 可能 性 として —— と 友人 は 爪 を 噛む 始める 、 窓 の 外 を ぼんやり と 見つめる
none	ところが 、 わし ら の 番 が 回る て くる た とき 、 小男 は 他 の やつ より ひどい 好意 的 だ 目 を わし に 向ける た ん です わ
none	実に 印象 に 残る
none	シャーロック・ホームズ は ひとり ほくそ笑む
none	では なぜ 彼 を
none	もっとも らしい 思える た の だ が
motive	この 衝動 と 驚異 は たしかに 、 私 の 冒険 生活 の 中 でも 、 断然 異数 と する もの だ ある た と 思う て いる
mean	たとえば 女 が 男 から 心底 ひどい 目 に 遭う す れる た の だ ため らい など しよう も ない 、 その 場合 は 大抵 、 呼び鈴 の 紐 を 引きちぎる て 見せる
none	ひとつ
mean	その 三日 あと の とき は 、 世話 係 と この 子 を 裏 から 何とか 逃がす て 、 あなた が 表 から 飛び込む で くる の と ぎりぎり だ た
mean	動き の ない 眼差し や 剥く 出す れる た 歯 が 、 恐怖 に 満ちる た 幻 と なる て 我々 の 網膜 に 焼き付ける られる た
none	と シャーロック・ホームズ は 先 を 促す た
none	お前 は 警察 の 味方 か
mean	いま 彼 の 推理 力 と 太刀打ち の 出来る 問題 と いう ば ただ 一つ 、 ウェセックス 賞杯 争覇 戦 出場 の 名馬 の 奇怪 なり 失踪 と 、 その 調 馬 師 の 惨殺 する れる た 事件 が ある のみ だ
mean	まあ とにかく かくして 、 モラン 大佐 は もう 、 吾 々 の 煩累 と なる こと は なくなる た し 、 あの フォン・ヘルダー の 有名 だ 空気 銃 は 、 警視庁 の 陳列 館 の 、 珍品 として 並べる られる う
motive	レディ・エヴァ は あんな 大金 を 持つ て いる ない し 、 相談 できる 相手 も いる ない
none	どう する た いい か 分かる ない て 、 それで まっすぐ あなた の ところ へ
mean	遺体 は 木材 置場 で 焼き払う
none	口 を 利く とき に は 、 そう 、 どうぞ とか 恐縮 です が と 言う たまえ
none	いずれ の 事件 も 同じ 一味 に 違い ある ます ん
mean	誰 が 思う だ う 、 この 小さい 愛らしい 石 が 、 絞首 台 と 監獄 へ の 御用達 だ ある と
mean	ホームズ は そこ に 何 か 新しい 刺激 の もと を 見つける た らしい 、 興味 と 喜び に 満ちる た 声 を 上げる と 、 そこ から 身 を 乗り出す た
none	だが 、 厩舎 の 傍 の 低い 丘 へ かける 上る て みる と 、 そこ から は 八方 の 荒地 が 見渡せる が 、 どっち を 見る て も 名馬 の 影 すら 見える ない ばかり か 、 何 か 不吉 だ こと が 起る た ん だ な という 予感 を 起す せる られる た の だ た
mean	鍔 広 の 黒い 帽子 、 よれよれ の ズボン 、 白い ネクタイ に 親切 そう だ 笑顔 、 慈悲 深い 世話焼き だ 風貌 、 いずれ を とっても 名優 ジョン ・ ヘア に 負ける ぬ 劣る ぬ だ
none	君 の 熱心 さ を 見る ば わかる
mean	大事 だ 用 で 来る た 旨 を つける て 名刺 を 渡す と 、 すぐさま 目的 の 男 と 対面 できる た
motive	他 の 衣類 も 続ける て 投げる たい た の です が 、 その 瞬間 、 階段 から お巡りさん たち が 踏み込む で くる て 、 数分後 に は 気づく ば 、 正直 、 むしろ ほっと する た の です が 、 ネヴィル・シンクレア 氏 とぶ れる 代わり に 、 殺人 犯 として 逮捕 する れる て いる た の です
none	この 男 は 名前 を 書く て 、 住所 を 書く 前 に 手 を 止める た
none	けれども 奥さま に 重大 だ 嫌疑 が かかる て いる て 、 しかも かわいそう に 病気 で 口 が きける ない 今 、 わたし が あの 人 を 本当に 救える の です た 、 です た 約束 どころ の 話 で は ござる ます ん
none	遺言 状 に も その 点 は はっきり と 明文化 する れる て いる ます
none	ところで 、 ここ に いらっしゃる ジェイベス・ウィルソン 氏 が 今朝 、 訳 ある だ 僕 を 訪ねる て いる らしい た の だ が 、 その お話 に よる と 、 この 事件 は 近頃 の 中 でも 頭 ひとつ 抜きんでる た もの に なる そう だ
motive	窓 を 開け放す ます た が 、 乱暴 に やる た ので 、 小さな 傷口 が また 開く て 、 その 日 の 朝 に 寝る 室 で 切る て しまう た ん です
motive	ミルヴァートン は その 手紙 を 伯爵 に 送る つける つもり だ ん だ 、 それ が いや だ 大金 を 支払える 、 と おどす を かける て いる
motive	心 が 裂ける そう だ 、 中 に は もう 毒々しい 不信 感 、 猜疑 心 が 何 千 何 百 と いっぱい だ
motive	て だ もん だ 、 死ぬ だ とき に 莫大 だ 遺産 を 管財 人 に 預ける て 、 その 利子 を 使う て 、 自分 と 同じ 色 の 髪 を 持つ 男 が 楽 に 暮らせる よう に 金 を 分配 する て くれる 、 と 死ぬ 遺す た らしい ん です
mean	現場 で 、 船長 は 卓上 に 止める られる て ある た 大西洋 の 地図 に 頭 を 押しつける て おる 、 かたわら に は 牧師 が 硝煙 の 立つ 拳銃 を 手 に 、 肘 を 立てる て 構える て いる た
none	馬車 で 七 マイル の 道のり だ
mean	そして 、 倒れる 時 自分 で 自分 の 腿 を 刺す た の です
none	ただ 一つ の 広告 が 国 中 から こんなにも 大勢 かき集める と は 、 想像 も つく ん こと です よ
motive	もはや すべて 終わる た ハドソン は 一切 を 知らせる た 危ない ので 高飛び を する
none	とても 残念 です
none	する て 、 どこ に ある
mean	詳しい 話 を 聞く て みる と 、 俺 の 毒 が 使う れる た という 推測 を 抱く ぬ に は いる られる ない
motive	かねて より 有名 金融 会社 モウソン ＆ ウィリアムズ に は 総額 一 〇 〇 万 ポンド を ゆうに 超える 有価 証券 が 保管 する れる て おる 、 経営 者 は その 責任 から 万 一 の 場合 に 備える て 最新 型 の 金庫 を 用いる 、 建物 内 に 昼夜 武装 警備 員 を 置く て いる た
mean	ここ に おいで の 警部 殿 も 出来る だけ の 手 を つくす て 下 する て いる ます が 、 気の毒 だ ストレーカ の 復讐 の ため 、 かつ は 馬 を 取戻す ため に は 草の根 を 分ける 石 を 起す 、 あらゆる こと を やる て みる たい と 思う て 、 それで あなた の 御 出張 を お願い いたす た 次第 です
mean	に する て も 、 その 鉄 の 身体 で さえ も が 二 ヶ月 にわたる 捜査 の 重圧 で 参る て おる 、 その 期間 は 一 日 の 活動 が 十 五 時間 を 下る こと が 決して ない 、 当人 の 話 で は 一度 なる ぬ 五 日間 も 立て続け に 机 に しがみつく て いる た こと まで ある た という
none	で 、 そ やつ に 話 を 聞く たい と
motive	ド・クインシ の 書く た 夢 や 興奮 を 読む で 、 試し に 煙草 を 阿片 丁 機 に 浸す て みる と 、 同じ 効果 が 得る られる た という わけ だ
motive	ここ に 入る ば どんな やつ でも ちょっとした 金持ち に なれる ん です よ
none	お話 、 実に 興味深い
motive	我々 は 馬車 を 降りる 、 代金 を 払う と 、 馬車 は レザヘッド の 方 へ がた ごと と 引き返す て いく た
none	いい や 、 十 二 人 くらい おりる ます た
motivation	もう お わかる です う が 、 週 二 ポンド の ため に あくせく 働く 日々 に は 戻れる ない なる て 、 もう 、 顔 を 塗る て 汚い する て 、 地面 に 帽子 を 置く て 座る て いる だけ だ 、 かなり の 額 が 稼げる という こと に 気づく て しまう た の です
mean	絞める から 、 持つ て くる な
none	そういう 気分 の とき 、 大佐 は 何 日 も 続ける て 心底 滅入る て しまう の だ という
none	白い 、 大きな 敷石 が ひっくり返す れる た の だ
mean	両 事件 とも に 、 毒性 の 空気 が こもる て いる た という 証拠 だ よ
motive	仏蘭西 金貨 の せい です う
none	しかし 、 この 事件 に関して は 迅速 に 動く ぬ ば なる まい
mean	その 点 が 非常 に 大切 だ と 思う た から 、 僕 は 昨日 ダートムア へ 電報 を 打つ て 訊ねる て みる た
motive	続く て 油 が 燃える 、 金属 が 熱す られる きつい 匂い
mean	そして また 起訴 の ため に も 、 その 事実 の 詳細 など は 、 世間 に 発表 する 必要 など は ない ほど 、 圧倒的 だ 大 事件 だ ある た の だ ある
motive	もっとも 両家 は しばらく 訴訟 で も めとる から 、 互いに 相当 の 血 が 流れる て おる よう だ 、 アクトン の ご 老公 は アレク・カニンガム の 地所 の 半分 の 権利 とか を 主張 する て おる て 、 双方 の 弁護士 が 争う て いる て な
mean	毒
none	さき ほど まで そこ に いる た
none	さあ 、 なか へ
none	もし 持ち場 を 離れる ます た 、 あなた は 永久 に その 資格 を 剥奪 する れる こと に なる ます ぞ
motive	階下 から 妻 の 声 が 聞こえる ます た が 、 すぐ に は 上がる て くる れる ない はず だ ので 、 素早い 服 を 脱ぐ で 、 乞食 の もの を 身 に つける 、 顔料 と 鬘 を つける ます た
motive	そして 拳銃 の 引き金 に 、 しっかり と 手 を かける た
none	そう らしい
none	音楽 会 の 後 、 君 は 馬車 で 家 へ 帰る た
mean	だ ない ば 、 あの 速い さ で 火薬 の 煙 が 家中 に 立ちこめる わけ が ない
motive	こいつ を 持ち帰る て いただく て 、 金物 商 全員 を 住所 とともに 抜き出す て いただく たい
none	この 事件 で ひとつ 、 使用人 ・ 警察 双方 に 最も 強烈 だ 印象 を 残す た もの が ある
motive	もし やつ ら が 一 枚 しか ない 書類 を 見つける う もの だ —— 幸い 弁護士 の 金庫 に 入る て おる た が —— やつ ら は わし の 訴訟 を 台無し に する た に 違い ない
none	ジェイベス・ウィルソン の 旦那 、 申し込む たい ん だ た 、 ちょこっと そこ に 顔 を 出す いい ん です が … … 旦那 が たかが 二 、 三 百 ポンド の 金 で 出向く れる こと も ない です よ ね
motive	これ を 書く た 人物 は 、 おそらく 金持ち だ ね
motive	ここ だけ の 話 です が 、 わし の ささやか だ 所持 金 は あの 箱 の なか で 、 だから お かかり です う 、 見知らぬ 人間 が 部屋 に 押し込む という の が 、 わし にとって いかなる 意味 だ の か
none	今晩 、 君 の 手 を 借りる かも しれる ない
mean	海上 に 依然として 残る 煙 が 、 惨状 の 影 を とどめる て いる
none	わかる た 、 わかる た
none	女 主人 は むろん 最たる 容疑 を かける られる た わけ だ が 、 気 を 失う た 状態 の まま 自室 へ と 移す れる た
motive	俺 の もの に なる た 金 は 、 お前 の 頭 の 髪 の 本数 より も 多い
none	頼む
mean	自分 で しまう 込む 分 に は 安心 できる が 、 事務 的 に 扱う 人間 に 渡す て は 、 裏 から 力 が かかる たり 、 あるいは 政治 圧力 が かかる たり する や も しれる ん
mean	と 声 を 振り絞る
mean	私 じゃあ ない
mean	君 は たぶん 他 の 銃 の 持つ 合せ も ある た だ ある う 、 —— すなわち もしや 数 頭 の 虎 が 居る た 場合 か 、 または 、 それ は 君 に は はなはだ 応 わ しく ない 想定 かも しれる ない が 、 撃つ 損じる を する た 場合 の 用意 として 、 ——
mean	一 八 九 四 年 の 春 、 —— ロナルド・アデイア 氏 が 全く 不可解 だ 、 奇怪 極まる 事情 の 下 に 惨殺 する れる た の は 、 当時 はなはだ 有名 だ 事件 で 、 ロンドン 市民 は 一斉 に 好奇 の 目 を ※ り 、 殊に 社交 界 の 驚愕 は 大変 だ もの だ ある た
motive	では 、 年 百 ほど の 大金 が 入る 、 加える て ご 自身 の 稼ぎ も ある だ 、 少し ばかり ご 旅行 や 色々 と 余裕 も お ある の こと です う
motive	というのも 当時 、 煙草 成金 として 有名 だ ジョン・ヴィンセント・ハーデン を 襲う た 厄介 だ 謎 について の 、 込み入る た 難事件 に 没頭 する て いる た の だ
none	それ とともに 、 頬 に 大きい 付く て いる た 恐ろしい 傷痕 も なくなる 、 そして あざ笑う よう に も 見える た あの ねじれ 唇 も なくなる た の だ
none	なじる
none	ええ
mean	しかし 射撃 の 音響 を きく た と 云う もの は 一 人 も ない た のに 、 たしかに 死体 が 横たわる て おる 、 かつ 連発 式 拳銃 の 弾丸 が こぼれる て いる の だ ある
mean	そして 拳銃 の 引き金 に 、 しっかり と 手 を かける た
mean	それから 琥珀 の ところ を 噛む つぶす て いる
motive	とか 言う ます て 、 実は 君 の 金融 の 才 について 、 まことに 並 は ずれる た 話 を うかがう ます て
motive	ともかく 暮らし ぶり は よい て 、 でも 週 に 二 、 三 度 は ロンドン へ 出る て ます て 、 何 でも 南アフリカ の 金鉱 の 株 に とても 興味 が お ある だ と か
motive	奨学 金 は たいへん 高額 、 不 届 者 だ 学友 を 出し抜く う と 危険 を 冒す て も おかしい ある ます ん
motive	懐 から ソヴリン 金貨 を 一 枚 取り出す て 、 石 の 台 へ 投げる た
none	抜け出る て くる た 箱 に あいつ を 戻す て から 、 全速力 で 離れる た の だ
motive	太陽 は ケープルトン 調 馬場 の 彼方 に 沈む かける て 、 眼前 の ゆるやか だ 傾斜 を 持つ 平原 は 金色 に 染まる 、 枯れる 羊歯 や 茨 の ある 部分 は 濃い ばら色 がかる た 褐色 に 燃える た
mean	一 人 は 背 の 高い 色 の 白い 人 で 、 獅子 の よう だ 頭髪 と 顎 髭 と を 持つ 、 明るい 青色 の 眼 に は 妙 に 射る よう だ 光 が ある た
mean	名刺 を 裏返す て みる た
mean	あと に 残る た の は 、 気の毒 だ ほど 神経 を 病む だ 親父 だけ だ
motive	ですが その とき 頭 に よぎる た の は 、 部屋 を 捜す れる こと も ある から 、 そうすると 衣類 が やばい と
none	その 男 の 両 耳 、 イヤリング の 穴 が ある こと に 気が付く ます ん です た か
mean	その 毒 が 吸い出す れる ない 限り は
mean	毒 沼 蛇
motive	仕事 、 ましてや 遊び なんか より も
mean	しかし やつ は 倒れる 前 に 死ぬ で いる た
motive	僕 は 記事 を 書く て 、 その こと も 失念 する て いる た の です が 、 しばらく する て 友人 の 保証 人 に なる て 、 二 五 ポンド の 支払い 礼状 が 送る れる て くる て しまう ます た
mean	あたかも 拳銃 の 台尻 で 殴る れる た か の よう に
none	というのも 、 つま先 の 方 が かかと より 深い つく て いる た から だ
motive	と 知り合う た ばかり の 男 が 、 ぼく の 顔 を 眺める 回す ます て 、 ローマ は 一 日 に する て 成る ぬ 、 手前 ども の 後ろ に は 莫大 だ 金 が ある ます
none	今 は 話す 時間 で は ない 、 観察 の 時間 だ
mean	その あと 、 彼 が 立ち去る と 、 君 は 宝石 箱 を 物色 する 、 通報 、 この 不幸 だ 男 を 逮捕 する せる た
none	だが シャーロック・ホームズ と 接す て いる と 、 いつも 自ら の 愚鈍 さ を 感じる 、 憂鬱 に なる の だ
none	二 人 一 組 に なる て 、 あなた の 好き だ ブリッジ を 今夜 も 、 と
none	千鳥足 で 絶えず 踏みつける られる て いる せい か 、 段 の 中央 部分 が すり減る て へこむ で いる た
none	そんな こんな だ 八 週間 が 過ぎる ます た
motive	僕 から 話せる の は 、 これ だけ です
none	まぁ 、 たった 一 年 に 二 百 ポンド って ところ です が 、 仕事 は わずか だ もん です から 、 他 の 仕事 の 妨げ に は なる ます ん ぜ
none	拳銃 が 床 の 敷石 に 落ちる た
none	字 が 荒い
motive	お前 、 俺 の 遺言 の 立会 人 に なる
mean	気の毒 に も 友人 の 顔 に 突如 と する て きわめて 恐ろしい もの が 浮かぶ だ
motive	あたし たち ふたり の 人生 が かかる てる
none	あちこち から 、 どんより と 濁る た 目 が 新入り に 向ける られる
mean	ほら 、 他 に 女 が 居る て 、 酒 に 喧嘩 、 薬 に 生傷 、 世話焼き だ 妹 か 女 家主
mean	と 客 は 声 を 絞り出す
mean	しかも この 毒 に は 即効 性 が ある 、 この 点 だ も 都合 が いい
none	それ が これ です よ
motive	その 場所 に 来る て まだ 五日 だ 、 選挙 名簿 登録 人 に 化ける て 大家 の 女 から 面白い うわさ 話 を 聞き取る た
mean	あの 見慣れる た 戸口 を 見る と 、 求婚 時代 や 、 陰惨 だ 緋 の エチュード 事件 の こと が いつも 心 に 甦る て くる
none	だが これ きり に する こと だ な
mean	何 ヶ月 も 、 一 日 何 時間 も 何 か を する て いる
motive	思う に 君 も 賛成 する て くれる だ う が 、 アーサー ・ ハリー ・ ピナー 氏 と 仏 ・ 中 英 金物 株式会社 の 仮 事務所 で 相 まみえる こと は 、 僕ら 両 名 に する て も それなり に 興味深い 経験 と なる う
none	同時に 安堵 も する た ね
none	この 微妙 だ 点 により 、 調査 が 広範囲 にわたる こと と なる た
none	それから ナンシィ・ディヴォイ は 気絶 、 私 は 彼女 の 手 から 戸 の 鍵 を つかむ 上げる 、 錠 を 開ける て 助け を 呼ぶ う と
none	結構 、 ウォータルー 一一時一〇分 発 で 向かう たい
mean	と 、 とどめる を 刺す た
none	銀行 の 一 支店 が 保有 する に は 、 あまりに も 多い すぎる もの です から … … 重役 会 で も 問題 に なる て いる た ん です が
none	まあ 、 あの 方 が わたくし から お金 を 借りる て いる とか 、 結婚 する た あの 方 が お金 の 分け前 に あずかれる とか だ いざ 知る ぬ 、 ホズマ は 自分 の 財産 も かなり 持つ て おる ます し 、 わたくし の お金 を 気 に する た こと すら ない の です から
mean	それから 高圧 的 に 叩く 大きな 音 が する た
none	行く う 、 ワトソン 、 これ 以上 オールダショット に いる 必要 が なくなる た よう だ
mean	一言 付け加える と 、 その 者 は ひどい なまくら だ 小振り の 刃物 を 持つ て いる ます
mean	ふたり は 御者 の ウィリアム・カーワン が 助け を 求める の を 聞く て 、 で 、 アレク・カニンガム くん が 何事 か と 駆ける 下りる て いく ます と 、 裏口 の 戸 が 開く て いる て 、 階段 の 下 に 着く と 外 で ふたり の 男 が 取っ組み合い を する てる の が 見える た とか
mean	何 でも 、 連盟 の 欠員 を 埋める 人間 が 足りる ない らしい て 、 遺産 管財 人 が 宙 に 浮く た 金 を どうして いい か 途方 に 暮れる て いる らしい そう です ぜ
none	オールダショット の ロイヤル・マロウズ 所属 の バー クリ 大佐 が 殺す れる た と 目 する れる て いる の だ が 、 これ を 僕 が 調べる て いる
none	むしろ 私 ひとり の 方 が やる やすい という もの だ
none	その 寸法 から 再現 する て みる た
motive	次第に 近隣 に も 知り合い が できる 、 一八八七年 、 地元 の 造り酒屋 の 娘 と 結婚 、 その あいだ に 二 児 を も もうける た
mean	外側 に 、 Radix pedis diaboli と 書く れる て おる 、 その 下 に は 毒薬 という 赤い ラベル が 貼る れる て いる た
motive	それから 自分 の 外套 を つかむ ます た
none	メリウェザー 氏 の ため息 めく た 細い 息遣い
motive	で 、 ホームズ さん 、 土曜日 に なる と ロス さん が やって来る て 、 一 週間 分 の 給料 として ソヴリン 金貨 を 四 枚 くれる た ん です
mean	時折 コカイン を 飲む 以外 の 悪癖 は ない 、 その 薬物 と て 、 事件 が 冴える ない たり 、 新聞 に 惹く れる もの が ない たり する て 、 日々 に 変化 が ない とき に 頼る に 過ぎる ない
motive	単に 素人 として 試み に 物乞い を する て 、 自分 の 身体 で 取材 する て 、 それ を 元 に 記事 を 書く た ん です
mean	地下 室 から トンネル が 店 の 前 、 後ろ 、 どちら に 掘る 進める られる て いる の か 確かめる たい た
motive	卓上 に は 、 半分 窓 を 開ける た 角灯 が 置く れる て ある 、 それ から 流れ出る 一 条 の 光 の 中 に 、 戸 の 開く た まま の 金庫 が 見える
motive	この 子 を 捨てる う なんて 、 夢にも 思う た こと ない
motive	陛下 、 お金 で 買い戻す れる べし だ は ある ます ん か
none	シャーロック・ホームズ は 朝 早い 頃 、 ベイ カー 街 の 下宿 で ウィスキソーダ を 飲む ながら 説明 する の だ た
none	お 褒める の 言葉 を 掛ける て やる う
none	では 、 なか は 配偶 者 の 筆跡 に 間違い ない と
none	わずか だ 身動き も 差し控える て いる た の だ
mean	だが 今 の 出来事 は 、 僕 等 の 調査 の いい 薬味 に なる
none	うち の あれ に 相談 する て みる た ん です けど ね 、 手 の 打つ よう が ない って
motive	察 する に 陛下 は 、 この 若い 方 と 深い ご 関係 に なる れる 、 不名誉 なり お 手紙 を いくつ か お送り に なる た ので 、 今 それら の 手紙 を 取り戻す たい 願う て おる れる
mean	そして その 霧 が 晴れる た 時 は 、 私 の カラ の ボタン は 外す れる 、 唇 に は 、 ブランデー の 刺す よう だ 味 感 が のこる て いる た
mean	ジョン・ストレーカ は 全然 あなた の 信頼 する に 足りる ない 男 だ ある ます 、 馬 は 正当 防禦 の ため に 殺す た に すぎる ない こと を 申し上げる ば 、 この 馬 の 罪 も いく分 軽い なる わけ です う
none	シャーロック・ホームズ が 飛び出す た
motive	僕 の 聖書 の 知識 は やや 錆 びついたおそれありだが 、 サム エル 前書 か 後書 か に 、 その 話 が 見つかる はず だ
none	室内 の 調査 の 前 に 使用人 たち に も 聞き込む だ の だ が 、 これ まで に 言う た 事実 を 引き出せる た だけ だ た
mean	蹴る 子 付き の リヴォルヴァ だ 、 ここ に 三 発 目 の 薬莢 が ある はず
motive	仏蘭西 金貨 … …
mean	この 件 について は 手はず が 整える られる て いる て 、 何 か 絞首 台 の 代わり に なる 木材 なり 滑車 なり を 持つ て くる た の だ と 思う れる ます
none	その後 の 悲劇 を 思う せる よう だ こと は 、 ふたり の あいだ に 皆無 だ た の だ
mean	その 書類 も 、 いま は ぜんぶ 犯人 ども に 焼く れる て しまう ます た
motive	左手 に 街灯 が 一つ 灯る て いる きり で 、 ちょうど わたし ども が その 街灯 に 近づく ます と 、 わたし の 目 に 、 猫背 の 男 が 、 片方 の 肩 から 箱 の よう だ もの を 下げる て こちら へ 来る の が 見える ます た
motive	わし は 決して 金持ち で は ある ます ん 、 ホームズ さん —— 生涯 に する た 投資 も これ きり で 、 トリヴェリアン 先生 から お 聴く です う か 、 です が わし は 銀行 を 信用 する てる ない て 、 絶対 に 銀行 なんて 信頼 する ちゃ なる ん の です 、 ホームズ さん
mean	一 〇 人 ほど の 囚人 たち が 拳銃 を 手 に 、 探す ながら だんだん 降りる て いく と 、 彼 は 手 に マッチ 箱 を 持つ て 、 口 を 開ける た 火薬 箱 の そば に 座る て いる た
mean	さて 、 ほんの 偶然 だ が 、 その 御前 様 は その 月曜 に 一 通 の 電報 を 受け取る て いる て 、 夫 が 出かける た すぐ あと だ た の だ が 、 その 内容 は 、 お 待ちかねる の 大事 だ 小包 が アバディーン 海運 会社 の 事業 所 で 取り置く する れる て いる と の こと だ た そう だ
mean	ところ が 構える より 早い 、 視線 の 先 に ホームズ の 得物 の 銃身 が 突きつける られる
motive	それ が この 話 の 発端 だ た の です
motive	本当に ごめんなさい 、 あなた が いる ない なる の が 怖い て 、 しゃべる 勇気 が 持てる ない た の
none	戸口 で 顔 を 合わせる た とき 、 あの けなげ だ ご 婦人 に 今夜 は 何 を 言う ば よい うかと 悩む で いる た の だ
motive	それから 最期 に ヘレン ・ ストーナ の 聞く た 金属 音 （ これ は 鎧戸 の 棒 が 元 の ところ に 戻る た 音 かも しれる ぬ が ）
mean	弾 の 込める 方 が まずい て 火薬 が 後ろ へ 吹っ飛ぶ ない 限り 、 何 発 でも 跡 を 残す ぬ 撃つ こと が できる
motive	金 が 通用 する 限り は 問題 ない が 、 手付け金 は 粗悪 だ フロリン 銀貨 の よう だ もの を くれる た と
mean	建物 内 を 調べる た ところ 、 警備 員 の 惨殺 体 が 折りたたむ れる た 状態 で 最大 の 金庫 に 押し込む れる て いる の が 発見 する れる 、 トゥーソン 巡査 部長 の 迅速 だ 行動 が ない ば 月曜 まで 見つかる ない た もの と 思う れる
mean	今朝 、 ヒルトン ・ キュー ビット から 電報 が 来る た
motive	たいした こい た ぁできませんがね 、 一つ 屋根 の 下 で 夜露 を しのぐ 、 借りる た 金 を 返す くらい の こと は する て おる ます
mean	二 人 する て 、 毎朝 確実 に 店 を 留守 に する せる た
none	まぁ 、 いたずら に する ちゃあ 金 を 使う すぎる です が ね
mean	では ジェイムズ・バークリ 大佐 を 殺す た の は
motive	夜 遅い ベイ カー 街 に 戻る て くる た 友人 は 、 唇 を 切る て いる わ 額 に は 変色 する た 瘤 が ある わ だ 、 おまけ に 全身 の 格好 は スコットランド ・ ヤード の お たずねもの が ふさわしい くらい の 遊び人 然 と する た もの だ た
none	無駄 だ 、 ジョン・クレイ
motive	アイザ・ホイットニ さん だ
mean	鳥 は ご くり と 飲み込む だ ので 、 宝石 は 食堂 を 通る て 餌 袋 まで 入る た よう です た
mean	そして 自分 が こんなに 眠る た の も 、 あの 男 が 窓 の 外 に 立つ てる 時 、 羊 の カレー 料理 に 薬 を 混ぜる た のに 相違 ない と 力む だ
mean	君 が ご 婦人 に対して できる 最後 の つぐ ない として 、 ご 婦人 は この 惨劇 の 結果 について 、 直接 に も 間接 に も 、 決して 責任 が ない こと を 全 世界 に対して 明らか に する た ま え
mean	彼 は 銃 尾 を 開く て 何 か 装填 する 、 そして 遊底 を 閉じる た
motive	そして 通りすがり に その 男 は 頭 を 上げる て 、 街灯 の 光 を 浴びる た わたし ども の 方 を 見る た の です が 、 その とき 男 は ふと 立ち止まる 、 恐ろしい 声 で こう 叫ぶ ます て
motive	その 晩 の 一〇時 、 私 は 旅路 に つく た
motive	この 件 について は 金輪際 口 に する な と
none	何 か 新しい 展開 は 、 警部
mean	何 か 郵送 する れる て くる ない た ァ
mean	何 が 出来る の か 、 と 再び 思案 を めぐらせる た
none	ああ 、 困る た
motive	私 は 、 仏 ・ 中 英 金物 株式会社 の 営業 部長 として 、 最低 賃金 五 〇 〇 ポンド にて 職務 遂行 する こと に 、 まったく 同意 する もの だ ある
mean	ほか の 書類 は みな 伯父 が 焼く 、 残る て いる の は これ 一 枚 きり だ という 言伝 も 箱 に 入れる て おく こと
none	では 少し 夜食 を いただく て 、 部屋 へ 下がる と する ます う
mean	そこ から 考える と 、 第 一 の 事件 で は 、 第 二 の 事件 より も 毒物 の 効果 が 低い なる はず だ
none	靴 の 縫糸 用 の ロウ 、 そういった もの を 使う た 話 も ある くらい だ 、 人間 の 浅ましい さ に は あきれる ばかり です
motive	僕 が する う っと 彼 の 把握 から 抜け出る と 、 彼 は もう 死ぬ 物狂い の 金切声 を 上げる ながら 、 もの の 数 秒間 も 無茶苦茶 に 僕 を 蹴る 、 それから 両手 で 虚空 を つかむ だ
none	その … … ああ 、 ほら 、 私 が 手先 を 使う 仕事 を する て いる た こと を
motive	彼 の その 魂 は 、 あの 素敵 だ 赤子 へ の 憎しみ の 虜
motive	あんな 手 の 込む だ 準備 を する たり 、 それだけ の 金 を 出す ほど だ は ない
motive	実際 に 金 を 積む だ の は 、 我が 友 だ た の だ
mean	もし 誰か 中 に いる と 確信 できる よう です た 、 自分 で 中 へ 入る ぬ に 、 僕ら に 電報 を 打つ こと
mean	ところが 、 いよいよ 馬車 で ジョン・ストレーカ の 家 に 着く た 時 に 、 ふと 羊 の カレー 料理 が 非常 に 重要 だ 意味 を 持つ て いる こと に 気がつく ます た
mean	心臓 を 撃ち抜く れる て 、 事切れる て
none	と 私 は 白状 する た
motive	代金 を 聞く て くれる 、 ワトソン
none	長い あいだ 、 私 は あの 輝かしい 緑 の 原野 と イングランド の 生垣 を 夢見る て いる た
motive	我々 を 相手 に お 遊び でも やる て いる ん です か 、 ミスター ・ シャーロック ・ ホームズ
mean	歩哨 ふたり が 射殺 する れる 、 何事 が 起きる た の か と 調べる ため に 走り 寄る て くる た 伍長 も 同様 だ た
motive	わたくし ども は 数 ヶ月 前 、 資本 強化 を する 必要 が ある ます て 、 その ため 、 フランス 銀行 から 三 万 枚 の ナポレオン 金貨 を 借り入れる た の です
mean	親友 から 電報 を 受け取る た
none	親切 だ 人 の いい あの 親父 が ?? あんな 悪党 に 捕まる なんて
none	その 跡 を 見る た
motive	彼ら も 金物 を 売る ので
motive	その 男 という の が あの 下卑る た 阿片窟 の あるじ で 、 僕 は スウォンダム 横町 の あそこ を 間借り する て 、 そこで 毎朝 みすぼらしい 乞食 に 身 を やつす て 、 夜 に は 身なり の いい 街 の 男 へ と 変身 する の です
mean	我々 は その 瓶 の 首 を たたき落とす て 、 中身 を 大きな 入れ物 に 注ぐ で 、 一息 に 飲み干す う と する た その 瞬間 、 いきなり 前触れ も ない マス ケット 銃 の 音 が 聞こえる 、 広間 は その 煙 で いっぱい に なる 、 机 の 向こう が 見える ない 有様 だ た
mean	実際 に は 、 肌着 の 右 袖 に 血痕 が いくつ か 付着 する て いる た の だ が 、 その 男 は 薬指 を 差し出す 、 爪 の 近く を 切る た ので そこ から 血 が 出る た の だ と いう 、 さき ほど まで 窓 の 側 に いる た から 、 あそこ で 見つかる た 血痕 も 、 この 傷 から 出る た もの に 相違 ない の だ と 言う 添える 始末
mean	その 人物 に 打電 する ば 、 問題 ない かも 、 あなた と 同じ 名 の 仲買人 が そこ で 働く て いる かも わかる です う
motive	金貨 が 別 の 場所 に 移す れる 可能 性 も ある
motive	私 の この 申し出 は 容れる られる 、 ジェイムズ・バークリ 軍曹 と 相談 を
mean	いつ でも 使える よう 君 の 拳銃 も 準備 を
none	その 瞬間 、 驚く て 声 が 出る そう だ の を 押す 殺す ので 精一杯 だ た
mean	心 が 裂ける そう だ 、 中 に は もう 毒々しい 不信 感 、 猜疑 心 が 何 千 何 百 と いっぱい だ
motive	腕 に 抱く れる て いる た の は たいへん 美しい 赤子 、 黒目 で 金髪 、 サクソン と ラテン の 見事 だ 融合 だ た
none	しかし 僕 は スコットランド ・ ヤード に 寄る 、 次に 銀行 の 頭取 を 訪ねる た
mean	ならば 信じる て いい 、 彼女 は 無実 だ
mean	では 、 お 気の毒 だ お 姉 さま は 何 の 原因 で 亡くなる た の だ と
none	シャーロック・ホームズ が この 一連 の 奇妙 だ 出来事 を 仔細 に 語る て いる あいだ 、 馬車 は 大都市 の 郊外 の ただ なか を 走る て いる た が 、 やがて 点在 する て いる た 家屋 も 見える ない なる 、 両側 に は ただ 田舎 らしい 垣根 だけ と なる 、 その間 は 轍 の 音 だけ が 響く て いる た
motive	あれ を 息子 の 耳 に ふきこむ で いる た と する た 、 その 心情 は 憎悪 と 暴力 に 向ける て 傾く て いく た に 違い ない
motive	けれど ぼく は 金物 だ なんて さっぱり です
mean	私 は やにわに 拳銃 を 持つ て 飛び出す う と する と 、 妻 は 両 腕 で しっかり と 私 を 抱きとめる て 、 ふるえる よう だ 力 で 押さえる の です
motive	僕 の 見る た かぎり で は 、 あまり 価値 の ある もの だ は ない た し 、 預金 通帳 を 見る て も 、 ミスター・オールデイカー が 言う れる ほど 豊か だ 境遇 に ある た 様子 は ない
none	そこ へ 首 と 頭 の 長い さ を 加える て みる た まえる 、 そう する ば その 動物 の 全長 は 二 フィート は ゆうに 超える だ う ?? 尻尾 で も ある ば きっと なおさら だ
motive	帰る て くる 見込み の ない もの に 、 あまり お金 を 費やす たい ない た の です
none	我が 友人 は 熱心 だ 音楽 愛好 家 だ た
none	ああ そう です た ね 、 時間 内 は 事務所 … … いや せめて この 建物 の 中 に いる て もらう ない ば なる ます ん
motive	何者 で 、 どうして わし に あんな いたずら を … … もし 、 もし いたずら と する た です よ 、 その 目的 が 知る たい ん です
motive	あなた と 子ども の どちら か を 選ぶ ない だ ない て 、 あたし の 弱い さ が 、 かわいい 実 の 娘 から 目 を そらす せる た の
mean	銃床 を 肩 に つける た 彼 は 、 満足 らしい 溜息 を 漏らす 、 —— しかも 更に 驚く た こと に は 、 その 照準 する れる た 銃口 の 延 線 は 、 かの 黄色い 窓 かけ の 上 の 、 真黒い 影像 で は ない か
motive	それ も その はず 、 これ は 極秘 だ 、 なにぶん 出資 金 は ひそか に 集める られる 、 表 に は できる ない ほど 良い もの だ から だ
mean	僕 は これ でも 、 刺青 の 絵柄 について ささやか だ 研究 を する た こと が ある ます て 、 その 方面 に は 論文 を 書く て 寄稿 する た こと も ある ます
none	伺う たい こと が ござる ます て 、 ひとつ ふたつ だ ん です が 、 簡単 に お答え いただく て も よろしい です う か
none	だが デイヴィド に 言う 及ぶ だ 件 も ある 上 、 大佐 の 愛妻 ぶり は 周知 の こと だ が 、 その 話 と も 反する こと と なる 、 第三者 が 悲劇 に 立ち入る た こと に も 触れる ない
mean	と 友人 は 小 机 を 電灯 の 前 へ 持つ て くる
mean	と 思う うち に 、 ホームズ が 拳銃 を 男 の 頭 に 狙う つける 、 マーティン が 素早い 手錠 を はめる た
none	ずばり 間違い ある ます ん よ
motive	たどり着く より 前 に 扉 が 勢い よく 開く 、 金髪 の 小柄 だ 女性 が 戸口 に 立つ た
none	この 件 について 考え に 考える 、 そして この 事件 を 別 の 側面 から 迫る ぬ ば なる ぬ という 結論 に 至る た
motive	ストーナ さん の 聞く た 金属 音 は 、 博士 が 怪物 を 戻す て 大急ぎ で 金庫 の 戸 を 閉める た 音 に 相違 ない
none	ロンドン きる て の 大胆 不敵 だ 悪党 たち ?? 彼ら が この 地下 室 を ねらう て いる 目的 、 説明 する て くださる ます ね
none	では 次 の 行動 は 何だ
motive	だって 君 は 、 サイラス・ブラウン に 馬 を 預ける て おく て 心配 は ない の かい あの 馬 に 傷 を つける ば 、 どの 点 から 見る て も サイラス・ブラウン の 利益 に なる ん だ のに
mean	一緒 に 過ごす た その 晩 を 振り返る て みる て 、 この 惨事 に 光明 を 投げかける て くれる そう だ こと を 何 か 覚える て おる れる ます ん か
none	街 で は 早起き の 連中 が ちょうど 窓 から 顔 を 出す 始める 頃 で 、 我々 の 馬車 は サリィ州 の 町並み を 抜ける て いく た
none	あたかも 電気 が 走る た か の よう だ た
mean	衣服 に 火薬 の 焦げ は ある ます ん
motive	折りたたみ の できる 寝台 、 医学 書 ばかり 詰まる た 木製 の 本棚 、 寝台 の わき に 肘掛 椅子 が 一つ 、 壁 に 寄せる て 粗末 だ 椅子 が 一つ 、 円卓 が 一つ 、 それ から 大きい 金庫 、 これら が 目 に とまる 主立つ た もの だ ある
mean	ぼく の 部屋 は ハムステッド の はずれ の ポッターズ・テラス 一 七 番地 だ 、 それ で 内定 する た 日 の 午後 、 座る て 煙草 を やる て いる と 、 下宿 の おかみ が 名刺 を 持つ て やる て くる ます た
motive	たぶん 東 中央 の こと は ご存じ ない です う が 、 ぼく に 言う せる ば ロンドン 一 に する て も いい ほど 金 の ある 店 です
none	どうぞ 、 そのまま 続ける て くださる
none	シャーロック・ホームズ は 街角 に 立つ 、 通り を ざっと 見渡す て みる た
motive	アイザ・ホイットニ 、 聖ジョージ神学校 校長 で 亡き イライアス・ホイットニ 神学 博士 の 弟 君 だ ある が 、 その ころ は 阿片 に 溺れる て いる た
none	いつ でも 大 歓迎 よ
none	ジェイムズ・バークリ 夫人 が 旦那 を 嫌い に なる た 理由 について の 手 懸かる を だ
motive	あの 男 、 インド 人 に は じゅうぶん 金 を 払う て 部屋 を 借りる て いる ので 、 僕 の 秘密 は その 館 の なか から 外 へ 漏れる ない という わけ です
none	で 、 一 日 中 その こと ばかり を 考える て いる た ん です が ね 、 日 が 暮れる と その 酔い も さめる て しまう た ん です わ
none	物 が 張り 裂く れる 激しい 音
motive	わたし は 警官 を 呼ぶ う と する た の です が 、 なんと 奥さま は その 男 と ごく 親しい げ に お話 を
none	初め から 明々白々 だ た
motive	それ も すべて 、 この 貴婦人 が 自分 の ダイアモンド を ひとつ 、 模造 品 に かえる ば すむ くらい の はした金 を 準備 する う と する ない せい です よ
mean	死者 の 傷 は 絶対 の 自信 を もつ て 断言 できる ます が 、 四 ヤード は 離れる て 撃つ れる た もの です
none	三 十 分 ほど です
none	願わくは 、 扉 に ある た カード を 発見 する て 、 あなた は どう 行動 する れる た の かお 聞く せる 願える ない です う か
none	もっと 自分 の 御前 様 を 信じる べし だ は ない た の か ね
none	さっぱり だ
none	ある 晩 ?? 八九年 の 六月 の こと だ が ?? 我が 医院 の 呼び鈴 が 鳴る た
motive	女 は 夫 に 一 〇 〇 ポンド を 頼む で 、 金 で そいつ ら を 追い払う う と する た
motive	蘭 領 スマトラ 会社 や モーペルチュイ 男爵 の 大 計画 といった 件 の あらまし は 、 今 も 世間 の 記憶 に たいへん 新しい 、 また 政治 や 金融 と あまりに 密接 だ 関係 が ある ため 、 この 連載 の 題材 に は 適す て いる ない
motive	ジョン ・ クレイ は 殺人 犯 で 窃盗 、 その 上 、 貨幣 偽造 を する て 、 その 金 を 自分 で 使う て や がる やつ だ
mean	そこで ジョン・ストレーカ の 掴む で いる た 襟 飾 を 見せる と 、 さっと 顔色 を 変える た が 、 なぜ それ が 被害 者 の 手 に ある た か という こと は 、 一言 も いい 開き は する 得る ない た 、 服 の ぬれる て いる こと は 、 前夜 あらし に 屋外 に いる た こと を 語る て いる し 、 ステッキ は ピナン島 産 の 棕梠 製 で 、 鉛 を 入れる て 重み が つける て ある て 、 何 度 も 乱打 する ば ジョン・ストレーカ の 受ける てる よう だ 傷 を 与える に 十分 だ 兇器 と なる 得る もの だ た
none	なぜ です う か
none	いかなる 理由 も 許す ます ん ぞ
motive	小銭 で 重い なる て いる て 、 ちょうど 革 の 鞄 から 移す た ばかり だ 、 いつも 売上 を 鞄 で 運ぶ で いる ん です
motive	見える た の は 、 すさまじい 嫉妬 、 すさまじい 憎悪 、 あの よう だ もの 、 僕 と て 人 の 顔 に そう 見る た こと が ない
none	ワトソン 、 こう する て いる うち に 僕 が 罪人 と なる そう だ 、 これ 以上 君 を 床 に 入れる ない する て いる と
none	今 の は ほんの 一 例 だ が 、 推理 の 結果 が そば に いる 者 にとって 目 を 見る はる よう に なる の は 、 その 者 が 演繹 の 基点 と なる ささい だ 一 点 を 見逃す て いる から だ
mean	まず 看守 二 名 は 射殺 する れる て 海 に 放り出す れる 、 三 等 航海 士 も 同じ よう に する れる た
motive	わたくし 、 あなた は 三〇年前 に 亡くなる れる た もの と 、 ヘンリ
mean	その 証拠 で カート ライト は 絞首刑 、 他 の 三 人 は それぞれ 一 四 年 を 食らう た
motive	それ は いわゆる 名誉 の 負債 という もの を 支払う ぬ ば なる ぬ 、 その ため に 私 は 自分 の もの だ は ない お金 を 使う た 、 なくなる た こと を 気づく れる こと ない 返す て おける はず だ た の だ
none	わし ら が 入る と 、 秘密 の 話 を する う と 扉 を 閉める た の です
motive	ネヴィル・シンクレア 氏 は 当年 三 七 歳 だ 、 悪癖 も ない 、 いい 夫 だ ある 、 愛情 の ある 父親 で 、 つきあう 人 みな から 好感 を 持つ れる て いる
motive	どっち の 場合 も 金 の きらめく が 目 を とらえる て
mean	ハンタ は むろん 強い 薬品 の ため に 眠る て いる の に 違い ない た
mean	台所 で は 薬缶 の 沸騰 する 音 が する 、 大きな 黒 猫 が 籠 の なか で 背中 を 丸める て いる だけ だ 、 以前 の 女 の 影 は どこ に も 見える ます ん です た
motive	ある 日 、 編集 長 が 首都 に いる 乞食 を ネタ に 連載 もの の 記事 が ほしい と 言う 出す て 、 書き手 に 僕 が 志願 する ます た
mean	室内 に は 拳銃 が 一 丁 だけ ある 、 弾倉 が ふたつ 空 に なる て いる た
none	うち の 坊や に 積み木 を 一 箱 買う て 帰る 、 と
mean	と ホール・パイクロフト が 声 を 絞り出す
none	… … 誰 も いる ない
none	では 何だ
mean	男 は わめく ながら 、 脇 から 拳銃 を 取り出す
motive	そうすると 妻 は 、 きっと つまらない いたずら だ の だ から 、 深い 気 に とめる ない で と 言う の です
motive	は ある 、 とんでも ない 、 お前 さま から お金 貰う た こと が 分る ば 、 たちまち お払い箱 だ あ
motive	一 二 六 番地 の Ｂ は 大きな 店 に 挟む れる た ところ に 上がり口 が ある て 、 石 の 螺旋 階段 に 続く て その 上 に いくつ も の 続く 部屋 、 会社 や 職人 に 事務所 として 貸す て ある という わけ だ 、 入居 者 の 名前 が 壁 の 下 の 方 に 書く て ある の です けれど 、 仏 ・ 中 英 金物 株式会社 という よう だ 名前 は ない て 、 しばらく ぼく は どぎまぎ と 立ちつくす て 、 みんな みんな 手 の 込む だ 悪戯 なんか じゃ ない の か と 思う て いる と 、 そこ へ ひとり の 男 が 上がる て くる て 、 ぼく に 声 を かける て くる て 、 その 男 は 前 の 晩 に 会う た やつ と そっくり だ 、 姿 も 声 も 同じ だ のに 、 鬚 は 剃る てる て 髪 は てかてか です た
mean	見る と 、 火 が 輝 や か に 燃え上がる て いる て 金網 の なか に は 、 何 か 紙 の 焼ける た らしい 黒い 綿毛 の よう だ 灰 が 残る 、 その そば に 例 の 真鍮 製 の 箱 が 開く れる て おる 、 中 は 空 です た
none	え えと 、 それ は 先 ほど シャーロック・ホームズ さん に 申し上げる た とおり で … … ジェイベス・ウィルソン は 額 の 汗 を 拭う 、 話 を 続ける た
none	細々 と 説明 する の は 損 だ 、 と ね
mean	ラウンドヘイ 牧師 から 名前 を 聞きだす て 、 ドクター・レオン・スタンデール の 説明 が 真実 か どう か 確認 する よう に 電報 を 打つ た ん だ
mean	スポールディング 、 あれ が ちょうど 八週間前 、 まさに この 新聞 を 手 に 持つ て 、 二 階 から 降りる て くる て 言う ん です よ 、
mean	私 が 入る と 、 血色 の 悪い マレー 人 の 係員 が 、 私用 の 煙管 と 薬 を 急ぐ で 持つ て くる て 、 空く て いる 寝台 へ 案内 する う と する た ので 、
motive	黒い 人影 の ある ところ から は 、 赤い 丸い 小さな 光 が 、 ある とき は 強い ある とき は 弱い 、 金属 製 の 煙管 を 受ける 皿 で 、 阿片 の 燃える 火 が 大きい 小さい なる て いる の だ
none	みな 巡回 の 最中 だ た ので 、 警部 と 巡査 二 名 が 彼女 に 同行 する 、 店主 が 引き続き 抵抗 する の を もの と も する ぬ 、 さきほど ネヴィル・シンクレア 氏 が 見える た 部屋 に 踏み込む だ
none	ケイト を 心配 する せる たい ない ?? かわいそう に ケイト
none	印 つき の 指 環 です
motive	ご存じ と は 思う ます が 、 この 件 が 片づく ない 限り 、 あなた の 旧友 の ジェイムズ・バークリ 夫人 が 殺人 で 裁く れる こと が 濃厚 だ の です
motive	メリウェザー さん 、 あなた の 賭け 金 は 三 万 ポンド です
motive	毎日 が お金 の 洪水 で 、 銀貨 も ある ます た し 、 よほど 稼ぎ の 悪い 日 でも 二 ポンド を 切る 程度 です
none	御者 が ひとり 、 女中 が ふたり で 使用人 全員 と なる
none	服 の 端 だけ を 貴様 の 手みやげ に する て な
none	と 我が 友人
mean	一 度 で 噛む と は 限る ぬ から 、 一 週間 の あいだ は 毎晩 うまい 避ける られる た の だ う が 、 遅い 早い 、 その 犠牲 と なる に 違い ない
motive	支払い は いつも 現金 です た し 、 友だち ひとり ある はず ない の です から
mean	この 薬物 の 初期 症状 に 違い ない
mean	そうすると 、 両 事件 で 未知 の 毒性 が ある 空気 を 生み出す もの が 燃やす れる た と 考える られる
motive	今度 は 気晴らし の 時間 だ
motive	渡る に 必要 だ 金 を 貯める 、 そうして 兵士 たち の いる ここ へ やってくる た
mean	噛みしめる あまり 夜中 まで 起きる て てる 、 次 の 日 も バーミンガム 行き の 汽車 が 着く て も 、 約束 まで は 時間 が ありあまる てる た ので 、 ニュー 街 の 宿 に 持ち物 を 預ける て 、 その あと 指示 する れる た 住所 へ 向かう ます た
none	先生 の 、 率直 だ ご 意見 を 伺う たい だけ だ の です
none	そして 連れ戻す て ほしい という こと だ う か
none	生業 として 乞食 を やる て いる が 、 警察 の 取り締まり を 逃れる う と 、 建前 で は 蝋 マッチ の ちょっとした 商い を やる て いる こと に なる て いる
motive	しかし 針金 を 応用 する て 、 鍵 を こじ開ける
none	私 は リヴォルヴァ の 撃鉄 を 起こす た
none	ここ まで でも 君 は 問題 の 面白い さ に 同意 する て くれる だ う が 、 調べる て すぐ 、 最初 の 見当 以上 に 異常 極まりない と 実感 する た
motive	言い終わる や ホームズ は 死人 の 膝 から 素早い 鞭 を とる 、 その 鞭 の 先 の 輪 を 毒蛇 の 首 にかけ 凶行 の 場 から 引き離す と 、 蛇 を 腕 いっぱい に 伸ばす て 運ぶ 、 鉄製 の 金庫 の 中 へ 投げ入れる 閉じこめる た
motive	と 夫人 は 何 度 も 何 度 も 繰り返す
mean	手 に は 拳銃 を 持つ て いる た が 、 我々 が 近寄る と 懐 に 突っ込む だ
mean	これ だけ が 、 レーヌ 公園 の 魔 の 事件 の 全部 だ ある た が 、 何しろ アデイア 青年 に する て は 、 惨殺 を 受ける よう だ 敵 など が ある よう に も 思う れる ない もの だ ある 、 また 室内 の 金 や 貴重 品 と 云う た よう だ もの に も 、 全然 手 を 触れる られる た 形跡 も ない ので 、 事件 は 全く 謎 から 謎 へ と 、 皆目 見当 が つく ない なる の だ ある た
mean	と 言う て 、 依頼 人 は 面 紗 を あげる た が 、 なるほど 気の毒 だ ほど に 動揺 する きる て いる た
none	そう だ ない とも 、 ご 事情 は わかる て おる ます から 、 どうぞ 恐縮 だ さる ぬ 、 あなた に も 我が 友人 に も 、 何 か の お 役 に 立てる だ 、 それ だけ で 幸い です
mean	あたかも 電気 が 走る た か の よう だ た
none	その とき どう する た か お ぼつ かん の です が 、 あれ は わし を 押す たり 引っ張る たり する て 、 人混み を 抜ける まで いろんな もの に 当たる ながら 、 事務所 に 続く 階段 の 前 まで 連れる て く た ん です わ
motive	懸賞 金 の 一 〇 〇 〇 ポンド も 、 その 市場 価値 の 二 〇 分の 一 に も 及ぶ ない だ う
mean	ごく 柔らか だ 、 穏やか だ 、 さやさや と 薬缶 から 湯気 が 噴き出す よう だ 、 かすか だ 音
none	大佐 の 名前 は ほら 、 ジェイムズ だ の だ から
mean	待望 の 外電 だ
motive	口笛 と 金属 音 という の は 確か です か
mean	そう やる て 広告 を 出す 、 一 人 は 仮 事務所 を 借りる て 、 もう 一 人 は 質屋 に けしかける て 応募 する せる
none	シャーロック・ホームズ は 口笛 を 吹く て 座る 直す と 、 驚き だ 、 ピータソン
motive	それで ばらす ぞ と 脅す 、 ふたり を 転がす て 金 を せしめる う と する ます た
none	メリウェザー 氏 は しょげる 込む 、 木 箱 に 腰 を 下ろす た
motive	ほら ほら ウィルソン の 旦那 、 申し込む たい ん だ た 、 ちょこっと そこ に 顔 を 出す いい ん です が … … 旦那 が たかが 二 、 三 百 ポンド の 金 で 出向く れる こと も ない です よ ね
none	だが 階段 の 下 の ところ で 、 先 ほど 話題 に も 出る た やくざ だ 船乗り に 出くわす 、 押す とどめる られる て 、 さらに そこ で 手伝い を やる て いる デンマーク 人 も 加わる て 、 ついに は 表 へ 追い出す れる て しまう た
motive	伯爵 婦人 が ひどい ご 主人 だ という の です た 、 いま こそ 仕返し を する チャンス という もの です
motive	その やる くちる は と いう と 、 まず 富 や 地位 の ある 人々 が 書く た 手紙 に 大金 を 支払う 用意 が ある って 噂 を 流す
none	服 の 生地 は 絹 モスリン で 、 首 と 袖口 に 綿毛 の レース 、 光 の 洪水 を 浴びる て 、 立ち姿 が ぼうっと 浮かび上がる 、 片手 を 扉 にかけて 、 もう 一方 の 手 は 待ちかねる た と ばかり に 、 つと 前 に 出す て いる
none	旦那 が 思う ほど 多い おる ます ん ぜ
motive	奴 は 黒い 僧服 を まとう て 乗り込む 、 箱 の なか に じゅうぶん だ 金 を 入れる て てる 、 それで 竜骨 から 大 檣 まで まるごと 買収 できる
mean	その 大きな 顔 は 皺 だらけ で 日 に 焼ける て いる て 、 鬼 の よう だ 形相 で 我々 を ひとりひとり にらみつける 、 怒り に 燃える くぼむ だ 眼 、 肉 の 薄い 高い 鼻 など は 、 凶暴 だ 猛禽 の よう だ ある た
none	初耳 だ よ
none	よって 当然 の 選択 として 、 その ミス Ｍ を 訪ねる 、 本人 に あなた が 真実 を 握る て いる と 踏む で いる の だ と 打ち明ける 、 友人 の ジェイムズ・バークリ 夫人 は この 件 が 片づく ない 限り 、 被告 席 で 殺人 の 罪 に 問う れる お それ が ある の だ と 説く た
motive	たとえ 妻 の 目 で も この 完璧 だ 変装 は 見破れる ない です う
none	さてと
none	昨日 以降 の 進展 が 知る たい もの だ
mean	あんた も 一 枚 噛む で も いい ぜ
motive	水曜 に も まだ 終わる ない た ので 金曜 まで こつこつ —— それ が 昨日 の こと で ハリー・ピナー さん の ところ へ 持つ て 行く た ん です
none	気の毒 に 、 英国 の 職人 を 近頃 なか へ 入れる た ね
motive	ホームズ は 私 の こと を 敵意 むき出し で 見つめる
motive	警部 が 手 で はたく と 、 引き金 の 引く れる う と する て いる た リヴォルヴァ が 、 青年 の 元 から 床 に が ちゃり と 落ちる
none	それ は ひどい 会う たい もの だ な
none	黒い クレイ ・ パイプ を 怪 鳥 の くちばし の よう に 口 から つきだす た まま
none	そして その 明かり の かたわら で 、 ご 婦人 が 腰 を かける て いる
motive	手紙 はたち の 悪い 悪戯 、 親類 の 死 は 陪審 の 通り まったく の 偶然 、 手紙 と 何ら の 関係 も ない はず だ 、 と
mean	早速 、 王 へ 電報 を 打つ と する か
mean	この 毒蛇 を 巣 の 中 へ 追い込む う
none	こんなにも 燃えさかる よう だ 赤 は … … 見る た こと が ない
none	どうぞ
mean	その 暖炉 に ある 引用 句 が はっきり 読める の と 同じ くらい 、 やつ の 顔 から 死 が 読み取れる た
none	とにかく 、 ワトソン 、 僕 は 今 、 きわめて 驚く べし 捜査 の まっただなか で 、 前 に も やる た こと が ある の だ が 、 あんな 連中 の とりとめる ない 話 から でも 、 手がかり が 見つける られる ない か と 思う て
none	徐々に 道幅 が 広がる 、 やがて 手すり の つく た 広い 橋 に 差し掛かる て 、 ゆっくり と 流れる よどむ だ 川 を 越える
none	私 は 早速 、 敷布 の あいだ に 入る た
mean	この 辺 の 拳銃 を 一丁 、 上 の 自室 へ 持つ て く た 方 が 良い さ そう だ 、 危険 を 感じる た とき の ため に な
none	と ぼく は 声 を 張り上げる て 、 まだ 顔 を 合わせる て も ない のに
motive	目 の 前 に 見える た 男 の 大きな 顔 は 、 品 が ない 脂ぎる て いる て 、 猜疑 心 に 満ちる て いる た
motive	卑怯 者
mean	次 の 日 、 秘密 を あなた に する れる が まま つかむ れる た ん だ けど 、 気 を 遣る て くれる て 、 問い詰める の を やめる て くれる た
none	夜分 遅い に 申し訳 ある ます ん
mean	最終 電車 が 出る た ばかり だ
mean	父 が 出る て 二 日 目 に 少佐 から 急ぎ 来る と の 電報
none	これ は 不幸 から 彼 を 救う はず の もの だ た の だ ね
motive	ブーテー は 翌日 ニール の 手 で 解放 する れる た が 、 逆徒 ら は 退却 時 に 私 も 連れる て 行く 、 その あと 白人 の 顔 を 再び 見る まで それ は 長い 年月 だ た
motive	と は いう て も 、 どう なる に する て も 、 お金 を もらう ます た し 、 仕事 に 取り組む こと に する ます た
none	ある ます ん
motive	拳闘 家 、 旅人 、 金 の 採掘 者
mean	手のひら の 真ん中 に は 、 燦然 と 輝く 蒼 色 の 石 、 豆 より も 小さい う という 大きい さ だ た が 、 その 純度 と 輝き は 、 まるで 手 という 暗い 洞窟 の なか で 、 冷たい 静電気 が きらめく か の よう だ た
none	だが 互いに 顔 を 合わせる た こと は 一 度 も ない
motive	見る た ところ 、 ジェイムズ・ライダー 、 君 の 中 に は 立派 だ 悪党 が いる て 、 そいつ が やる た らしい
none	それでは まことに 恐縮 です が 、 上 へ お あがる くださる
none	ほお
none	ジェイムズ・バークリ と ナンシィ・ディヴォイ と が 結婚 する た こと 、 やつ が 連隊 で 急速 に 出世 する た こと も 聞く た
mean	その 重い 髭 も 銃床 の 上 に 垂れる かかる て いる
mean	銃声 が する て 、 ウッドリ の 胴着 の 前 から 血 が ほとばしる の が 見える た
motive	あの 方 が 金庫 を 開く て 大量 の 書類 を 取り出す ます た ので 、 二 人 で 調べる 始める ます た
none	私 は シャーロック・ホームズ の 推理 方法 について それなり に 知る て いる ので 、 その 推理 を 追う こと が できる た
motive	私 たち は レッド ラス の 錫 鉱夫 の 家 に 生まれる ます た が 、 ある 会社 に 事業 を 売却 する て 、 我々 が 生活 する て いく の に 十分 だ 資金 とともに 引退 する ます た
motive	笑う たい ば 笑える 、 お前 ら の 目 の 前 、 この 火 の そば に いる 哀れ だ 猫背 男 は 、 そう だ 、 美貌 の ゆえ 彼女 に 愛す れる た の だ
motive	伯爵 の 手 に この 手紙 を のせる の が なに より も 依頼 人 にとって 得 だ と お 考え だ の です た 、 実際 、 かく も 大金 を 支払う て 取る 帰す う と する の は 頭 の 悪い こと です しねる そう 言う と 、 ミルヴァートン は 立ち上がる て コート に 手 を 伸ばす た
none	ジョン・クレイ に 晴らす ぬ ば なる ぬ 借り が
mean	何 度 も 何 度 も 穴 を 掘る て いる た 証拠 だ
none	と 依頼 者 は 叫ぶ だ
mean	また あるいは 窓 の 外 から 射撃 する た もの と する て みる ば 、 たかが 拳銃 くらい だ こんな 致命傷 を 負う せる と 云う こと は 、 あまりに 驚異 する べし こと と 云う て よい う
none	では 、 もう 二度と あの 方 に 会える ない と お 考え に
motive	それ が 唯一 の 手だて で 、 女 子ども を 擁す て は 戦闘 する て 切り抜ける わけ に も いく ぬ 、 そこで 私 が 外 へ 出る て ニール 将軍 に 危急 を 知らせる う と 名乗り出る た
mean	すると カニンガム 親子 が 床 に 倒れる た シャーロック ・ ホームズ の 身体 の 上 から 覆う 被さる て いる て 、 青年 が 両手 で その 喉 を 絞める 、 老人 が その 手首 を ねじ曲げる て いる た
motive	小振り の 丸い 金 の 耳飾り を ぶら下げる て いる て 、 全体 として は 相当 裕福 そう だ が 、 実際 は のんき だ おっとり する た 町 娘 だ
motive	この 事件 で は 、 事件 そのもの も 、 確 に 大 に 興味 ある もの だ ある た が 、 しかし 私 は その 事件 そのもの より も 、 むしろ 全く 想い も よる ない た 結末 に 、 絶大 の 衝動 と 驚異 を 感じる させる られる た の だ ある た
mean	それ こそ 誰 ある う 、 —— あらゆる 捜査 を 、 五里霧中 に 葬る 去る せる て いる た 、 セバスチャン ・ モラン 大佐 、 —— すなわち 先月 の 三 十 日 の 夜 、 レーヌ 公園 第 四 百 二 十 七 番 だ 、 表 二 階 の 開く て いる 窓 から 、 柔軟 弾 を 使用 する た 空気 銃 で 、 ロナルド ・ アデイア 氏 を 射殺 する た 、 大 犯人 さ
none	ほら 、 彼女 が 争う 音 を 聞く て すぐ 下りる て 、 他 の 使用人 たち と 一緒 に 戻る て くる た だ う
none	背 が 高い 図体 の でかい 警官 が 、 石 の 敷く れる た 通路 を やってくる
none	心 が 昂る ぶる 勝負 です
motive	私 にとって 、 ホームズ の 調査 に 立ち会う こと ほど 、 深い 楽しみ を 感じる もの は ない た
none	では 、 今日 の 所 は さようなら 、 ジェイベス・ウィルソン さん
motive	その 娘 を 愛す た 男 が ふたり いる て 、 ひとり は 娘 に 愛す れる た
mean	言い終わる や ホームズ は 死人 の 膝 から 素早い 鞭 を とる 、 その 鞭 の 先 の 輪 を 毒蛇 の 首 にかけ 凶行 の 場 から 引き離す と 、 蛇 を 腕 いっぱい に 伸ばす て 運ぶ 、 鉄製 の 金庫 の 中 へ 投げ入れる 閉じこめる た
mean	まあ モリアーティ は 云う ぬ も が な 、 大した もの だ し 、 それから 毒殺 者 の モルガン が ある
mean	お世話 の 方 に 一 〇 〇 ポンド を 送る て 、 この 小屋 の こと を 教える て 、 何 の 関係 も ない よう だ 振り を する て ここ に 来る て もらう た
none	しかし これ 以上 の 案 は 思いつく ない だ う
none	私 が 身 を 潜める て いる 場所 から 、 箱 越し に 床 が 見える た
mean	見る た 感じ で は 筋骨 隆々 の 男 で 、 生える まま の 灰色 の 髪 、 日 に 焼ける た 赤ら顔 に 碧 いる 目 は 、 一 歩 間違う ば 凶暴 だ ほど に 鋭い
none	士官 は 結婚 する と 兵舎 を 出る から 、 大佐 は 北部 キャンプ から 半 マイル ほど の ところ の ラシーン という 名 の 邸宅 を 、 この 頃 は ずっと 借りる て いる た
mean	ホームズ は 、 届く て いる た 電報 を 一目 見る と 暖炉 の 中 に 放る こむ だ
motive	そう 、 懸賞 金
motive	凍りつく て しまう た みたい に ずっと 笑顔 を 絶やす ぬ 、 両 の 灰色 の 瞳 は 、 金縁 の 大きな 眼鏡 の 奥 で 明るい きらめく て いる
motive	彼ら の 話 が わかる 程度 に 意識 も 聴力 も 戻る と 、 聞こえる て くる の は 、 我が 戦友 、 つまり 私 に 進路 を 示す た 当の 男 が 現地 人 の しも べ を 使う て 私 を 敵 の 手中 へ と 売り渡す た という こと だ た
none	だが モリソン 嬢 が その 一 時間 の あいだ ずっと そば に いる た
mean	思い出す た の です が 、 前 に 伯父 が 書類 を 燃やす た とき 、 灰 の なか の 焼け 残す の 切れ端 が 、 この 紙 と まったく 同じ 色 で
none	しかし 失礼 する ます が 、 幾分 、 愉快 だ 点 が ある の も 確か です
mean	電報 が 一 通 、 テーブル の 上 に 広げる て ある た
none	経験 する た こと の ない 完全 なり 闇
mean	クー・クラックス・クラン 　 名 は 小銃 の 掛金 を かける 響き に 似通う せる て 作れる 言葉 に 由来 する
mean	ここ で 僕 が 身体 を 伸び伸び と 伸ばす て いる た 頃 は 、 ワトソン 君 、 君達 の 一行 が 、 まことに お 気の毒 だ 、 全く 徒労 だ 方法 で 、 僕 の 死 の 情況 を 探査 する て いる た の だ た の さ
none	これ で 君 も わかる だ う 、 ほら 、 長い 胴体 に 引き替える 極めて 短 足 だ の だ
motive	自己 防衛
none	これ で 事件 は 解決 する た という もの
none	うむ 、 違う か
motive	あっし の 髪 の 色 が 変える られる た 、 連盟 に 入る て 金 を くすねる て やる た のに
motive	金 の 無駄 だ
mean	電報 で 護送 隊 を 要請 する た 方 が よい か と 存じる ます
mean	出港 する て から 三 週間 目 の ある 夜 の こと 、 医者 が 病気 の 囚人 を ひとり 診る に 来る た の だ が 、 その 囚人 の 寝台 の なか に 手 を 入れる て 、 拳銃 の 形 を 悟る て しまう た の だ
mean	彼 の 頭 は 連発 式 拳銃 の 、 拡大 する た 弾丸 で 、 見る も 無惨 に 打ち砕く れる て いる が 、 しかし 兇器 と 云う べし もの は 、 室 の 中 に 一物 も 遺留 する れる て は いる ない た
mean	僕 は あの 独逸 の 盲目 の 機械 師 の 、 フォン・ヘルダー を 知る て いる た が 、 この 銃 は 彼 が 、 死ぬ だ 、 モリアーテー 教授 の 注文 で 、 組み立てる た もの だ
none	そんな やつ が 盛り の 男 に対して 、 ひとり で 何 が できる という ん だ ね
motive	目 を 引く 子 で 、 青白い 顔 に 金髪 、 感じる やすい 水色 の 瞳 が 突如 と する て 情念 の 炎 に 燃える た の は 、 それ が 父親 に 注ぐ れる た とき だ た
none	ブリクストン通り へ 行く ぬ に すむ かも しれる ぬ
mean	世間 の 人 にとって 、 人 を 治す 者 は 自身 も 健やか たり べし 、 その 薬 が 自分 の 病 に 効く ない と なる ば その 人物 の 医者 として の 腕前 を 怪しむ 、 という の も 無理 から ぬ 話 だ ある
none	ジョン・ストレーカ は 永年 あなた の ところ に 働く て いる た ん です か 、 ロス さん
mean	そして 俺 は 、 この 粉薬 が どういう 性質 を 持つ て いる か 、 恐怖 を 支配 する て いる 脳 中枢 を どう 刺激 する か 、 部族 の 僧侶 によって 神 裁 に かける られる た 者 が その 不幸 だ 運命 として どう 狂う 、 どう 死ぬ で いく か を 教える て しまう た
motive	大勢 まとめる て 現金 割引 で 買う ちまう た の よ
none	僕 は 君 の 癖 を 知る て いる 点 で 有利 だ の だ よ 、 ワトソン くん
mean	患者 の 脈拍 や 体温 を 記録 する て 、 筋肉 の 硬直 具合 を 試す 、 反射 を 調べる ます た
none	通り に 面す た 部屋 に は 、 居間 として 必要 最低限 の 家具 が 揃える られる て いる て 、 その 奥 に 小さな 寝室 が ある の だ が 、 そちら は とある 波止場 の 裏側 に 接す て いる
none	通り に は 他 に その 馬車 しか ない た の です
none	友人 シャーロック・ホームズ を 、 昨年 の 秋 、 とある 日 に 訪ねる た こと が ある た
motive	しかし 、 奥さん が ?? 奥さん に 愛想 を つかす れる た という の は
none	赤毛連盟 の 謎 に 、 一 枚 かむ で いる に ちがい ない
motive	小切手 について は 、 まだ よく 調べる て いる ない けど 、 どこ か 田舎 街 の 銀行 に コーネリアス 名義 で 預金 する れる て いる に 違い ない
none	そりゃ あ そう だ けど 、 訳 が 分かる ない よ 、 ワトソン
motive	ここ に 金貨 で 三 〇 〇 ポンド 、 紙幣 で 七 〇 〇 ポンド ある
motive	やつ は 金 を 出す 惜しむ だり は する ない
mean	ソウムズ 氏 は 一挙 に 多く の こと を 知らす れる 、 いくぶん 気圧される て しまう て いる た
motive	調 馬 師 が 自分 の 預かる て いる 馬 を 故意 に 痛める て 出場 不可能 なる しめる 、 それ によって うまうまと 大金 を 得る 例 は これ まで も いくら も ある た こと です
motive	そこ の 調 馬 師 の サイ ラス ・ ブラウン という 男 は 自分 の 方 の 馬 に 大金 を 賭ける て いる という こと です が 、 死ぬ だ ストレーカ とも 仲 が よい ない た と も いう ます
none	あと は 、 ただ 静か に 待つ て いる う
mean	ランプ の 外装 の 上 に は 毒物 が 残る て いる た だ う 、 それ を 見つける 知恵 さえ ある ば ね
none	たどり着く より 前 に 扉 が 勢い よく 開く 、 金髪 の 小柄 だ 女性 が 戸口 に 立つ た
mean	室内 で の 気まぐれ だ 射撃 訓練 、 時々 異臭 さえ する 妙 だ 化学 実験
none	ふん 、 でも 博士 、 最後 に は 僕 の 意見 に 賛同 する ぬ ば なる ぬ
motive	実際 あいつ が 来る た とき 、 あいつ は 金 を 持つ て くる て 、 その 金 で 俺 を どこ か へ やる ちまう う と する た ん です
motive	そして 部下 の 使用人 に は こんな こと が 出来る もの じゃ ない こと も —— だ から 、 僕 は 毎朝 あいつ が 一番 に 起きる 習慣 だ ある こと 、 あの 朝 も 早い 起きる て みる と 、 荒地 に よそ の 馬 が うろうろ する て いる ので 、 出る て 行く て みる た ところ 驚く た こと に は 、 それ が 白銀 号 だ た —— 白銀 という の は 額 が 真白 だ ところ から 出る た 名 だ ん だ が 、 自分 が 大金 を 賭ける てる 馬 の 唯一 の 強敵 が 手 に 入る た んで びっくり する た だ う と 、 その こと について 委しい 話す て やる た
none	僕ら は ロンドン の 一流 銀行 、 中心 区 支店 の 地下 室 に いる
motive	名前 を 変える 、 金 を 引き出す て から 、 失踪 する て 新しい 生活 を はじめる つもり だ た
motive	だが 今回 は まる 二日 も 過ぎる て おる 、 さだめし 波止場 の 屑 連中 に 混じる て 寝そべる ながら 毒 を 吸う て いる か 、 その 効き目 で 眠る て しまう た という ところ だ う
mean	目 を 引 ん むく 、 苦悶 の 表情 を する て 喉 を 絞る ながら 、 顔 から 地面 に 倒れ込む で しまう た
motive	道中 、 ハドソン 街 を 通る 必要 が ある ます た けれど 、 そこ は たいへん 静か だ 通り だ の だ ござる ます
none	ええ 、 いる です う ね
mean	君 は 僕 が コカイン 注射 の 次に 阿片 を 吸い出す た と 思う て いる よう だ
mean	飛び込める 、 アーチィ 、 飛び込む ん だ 、 絞る 首 だ
motive	これ で わかる た う 、 この 一覧 と 日記 は 南部 の 顔役 の 幾 人 か を 結びつける もの だ 、 これ が 見つかる まで 夜 も おちおち 眠れる ない 連中 が 大勢 いる の だ
mean	ふたつ の 口 は あまり 鋭い ない 刃物 で 切る れる て ある 、 もう ふたつ は 丈夫 だ 歯 で 口 を かむ 切る て ある
none	たちまち そこ から 飛び出る て くる た の が 綺麗 だ 赤 茶 の 生き物
mean	乳母 が 数 分 この 子 から 離れる た すき に 、 痛み に うめく 声 が ある て 、 あわてる て 戻る た 乳母 が 部屋 に 飛び込む で 目 に する た の は 、 赤ん坊 に 覆う 被さる て 、 どうやら 首筋 に 噛みつく て いる 様子 の 雇い主 の ご 婦人 です
none	半 クラウン を やる う
mean	死体 を 焼く て 立ち去る
mean	女 という もの は 、 どんな とき でも 反射 的 に 窓 を しめて 鍵 を かける て しまう の です
mean	君 の 赤毛 連盟 、 斬新 だ 効果 的 だ た
mean	男 は 写真 愛好 家 で 、 事 に 触れる て は 地下 室 に 姿 を 消す て いる
motive	金具 から ぶら下がる 様子 は 、 さらに 激しい 際 だって 、 もはや どう 見る て も 人間 で は ない
none	彼 の 考え で は 、 だいたい の ところ 、 旦那 から 妻 へ の 愛情 の 方 が 、 その 逆 より も 深い た という
motive	では 式 の 予定 は 金曜日 、 場所 は 教会 で
none	その 場所 で 彼 の 身 に 何 が ある た の か
mean	大抵 部屋 に 閉じこもる 、 内 から 鍵 を 掛ける て いる ます が 、 時たま 酔っ払う た 勢い か 、 出る て くる て 館 から 飛び出す 、 拳銃 を 手 に 、 庭 の あたり で 暴れる 、 誰 も 怖い ない 、 人 か 悪魔 か とにかく 羊 の よう に 檻 に 入れる られる て たまる か 、 と 怒鳴る 回る の です
none	なら 、 新しい 事務所 に 行く と いう
none	僕 も 一度 なる ぬ 見る た こと が ある
none	患者 ね
motive	スコットランド で 押し込み 強盗 を する た と 思う ば 、 次 の 週 は コーン ワル で 孤児 院 の 設立 資金 とか ぬかす て 金 を 騙す 集める て いる たり する や がる
motive	その 暗号 を 考え出す た の も おやじ で 、 普通 は ガキ の いたずら に しか 見える ます ん
none	と 警部
mean	やつ の ひざ は する 切れる 、 しわ だらけ で 、 汚れる て いる た こと を
motive	ところが ある 角 を 這う て 曲がる と 、 歩哨 六 人 と 鉢合わせ で
none	絨毯 に 立つ た まま 一心 に 見つめる ので 、 シャーロック・ホームズ も 柳 の 安楽椅子 に もたれかかる
none	では 死体 は 外套 だけ を 着せる られる て いる た という の か
none	僕 と やつ は 何 度 か 小競り合い を する た こと が ある
none	おや
mean	ホームズ は 手のひら に 載せる 、 電灯 の 光 に かざす
motive	コクソン の 時分 は 週 三 ポンド もらう て ます て 、 その 七 〇 の 貯金 が ある た ん です けれど 、 やりくり する て も すぐ に 底 を つく て しまう た ん です
motive	と 、 ホームズ は 金庫 を 軽い 叩く た
none	ええ 、 ネヴィル・シンクレア の 書く た 字 です
mean	あの よう だ 奴 は 、 罪 に 罪 を 重ねる て 最後 に は 極悪 だ こと を しでかす 、 果ては 絞首 台 だ
none	だが 、 我々 は 気 を 付ける ない ば なる ん の です
none	まあ 、 断る 理由 も ある ます ん な
mean	男 は 拳銃 を 手 に する た まま 半 狂乱 で 走り出す 、 藪 の 隙間 に 突き進む だ
none	あなた の 右手 、 左手 より 一 回り 大きい です う
motive	私 も 後 に 続く た 、 引き金 に 指 を かける つつ
mean	彼 は 印度 で は 第 一 の 名 射手 だ ある た が 、 しかし この ロンドン で も 、 彼 の 右 に 出る ずる 者 は 、 はなはだ 少ない う と 思う な
mean	見る ば わかる と 思う が 、 開ける と 横 から 毒蛇 の 牙 よろしい 発条 が 強い 飛び出す
mean	でなければ 何 んで 薬 で 厩 番 を 眠らせる たり する ます う
none	と 警部 は 苦笑い を する
mean	それから 彼 は 、 身 を 屈める て 開く れる て ある 窓 の 縁 に 銃 の 先端 を 置く 、 爛々 たり 眼光 で 照準 は つける られる た
mean	君 は あの 時 僕 を 妄想 者 だ と 思う た だ う が 、 実際 僕 は 、 この 恐るべき 空気 銃 と 、 その後 に は 更に 畏怖 する べし 名 射手 の 居る こと を よく 知る て いる た ので 、 僕 は やはり ああ する ぬ を 得る ない た の だ
motive	おおよそ 信じる がたい こと です が 、 二 百 ポンド という 馬鹿げる た 金額 で すべて 丸い 収まる て いる た はず だ の です よ
motive	ところで 、 ホームズ さん 、 質屋 業 って の は 大抵 夕方 が 中心 で さぁ 、 忙しい いう て いく て も 給料 日 前 の 木曜 と 金曜 の 夕方 くらい だ もん です
motive	しかし 本当 の 打撃 は 頭 だ ない 心 に 対す て だ
motive	今さら どう する と
mean	書き付ける を 持つ て 行く この 少年 に 、 その 電報 を 届ける させる ます う
motive	数年前 ?? 正確 に は 一八八四年五月 ?? ブラッドストリート に ネヴィル・シンクレア という 名 の 紳士 が やってくる た の だ が 、 財産 が ある らしい 、 大きな 屋敷 を 手 に 入れる 、 敷地 に も 手 を 加える て 整える 、 暮らし 向き も 普通 に 良い よう だ ある た
motive	君 の 左 の 人差し指 と 親指 の 間 の する 切れる た 皮膚 を 考える ば 、 君 が 金鉱 の 株 の 購入 を 思いとどまる た と 確信 できる
mean	しかも この 時 は ホームズ は 床 の 上 から 、 かの 強力 だ 空気 銃 を 取り上げる て 、 その 機械 を 調べる て いる た
none	… … ん 、 何 ィ
none	灯り に かざす て みる た ま え
mean	それで あの 人 は 俺 に 電報 を 送る 、 俺 は 帰る て くる た ん だ
none	最初 の 読みで は 、 きっと この 若い 女 と あの 老兵 の あいだ に 何 か 交わり が ある て 、 その こと を 女 が 夫人 へ 告白 する た の だ と 思う た
motive	金属 の 焦げる 匂い が する た
mean	だけど 、 仮に 僕 が 誰 か を 愛す た として 、 仮に その 女性 が 無惨 だ 最後 を 遂げる た と する た 、 あの 無法 だ ライオン ハンター と 同じ こと を やる た かも しれる ない な
none	仏蘭西 金貨 の せい です う
motive	その 技能 を 利用 する た ん です
motive	父君 は 僕 たち に 、 金 を 掘る 前 は あの 男 と 一緒 に 船乗り を する て いる た とか 何とか つぶやく て から 、 僕 たち を 芝生 に 残す て 屋内 に 入る て しまう た
none	外 で 待つ て くれる ば 、 僕 は 五 分 で 君 の 隣 だ
mean	誰 か は 知る ん が 、 業火 に 焼く れる ちまう
motive	まぁ 、 いたずら に する ちゃあ 金 を 使う すぎる です が ね
mean	阿片 末 を 売り渡す た の は どこ の 薬種 商 です
motive	と 金切り声 を あげる よう に なる た
mean	そこで 私 は 友人 の ウィルスン・ハーグリーヴ へ 外電 を 打つ ます た
none	はて
none	長年 、 やつ を 追う て いる ん だ が 、 まだ この 目 で 見る た 事 が ない
motive	ええ 、 針金 に つながる て も いる ない
motive	だって 、 やつ は 金 に は まったく 困る てる ない し 、 すぐ に 足 が つく よう だ まね は する ない し ね
mean	ホームズ が 声 を 絞る
motive	家 の なか へ は 共犯 者 が 案内 する ます た
none	と 言う ます から 、 わし は 承知 する ます た
none	何者 か は 知る ん
none	この とき の 静か だ 微笑 や まどろむ だ まなざし は 、 獲物 を 追う とき の シャーロック・ホームズ や 、 怜悧 で 容赦 ない 犯人 を 追いつめる 探偵 として の シャーロック・ホームズ と は 、 似つく ぬ もの に 思う れる た
none	そこ に は こう 書く れる て いる た
motive	それ に 続く て 、 が ちゃんと 何 か 重い 金物 で も 堕ちる た よう だ 音 が する ます た
none	ですが 、 これ で 生存 に 間違い は ない です う 、 シャーロック・ホームズ 先生
none	と 、 ギュスターヴ・フロウベール が ジョルジュ・サンド に 書き送る て いる よう に 、 ね
mean	きっと 、 三つ の 点 に 何らかの 繋がり が ある から だ う —— つまる 、 燃焼 、 淀む だ 空気 、 それから 、 不幸 だ 兄弟 を 襲う た 死 と 狂気 は どこ か で 繋がる て いる ん だ
motive	やつ は 金 を 唸る せる て いる くせ に 、 暇つぶし みたい だ つもり だ 、 計画 的 に 人 を 苦しめる ん だ から ね
mean	電報 から 察 する に 、 何 か 大事 が 起きる た らしい
mean	ある とき 、 家内 で 窃盗 事件 が 立て続け に 起こる ます て 、 かん しゃく を 起こす 、 現地 で 雇う た 執事 を 殴る 殺す て しまう た そう です
motive	そんな 僕 の 秘密 を 知る もの が たった ひとり いる ます
none	僕 が ネヴィル・シンクレア なり 人物 だ 、 何 の 犯罪 も 起きる ない た の は 明らか です
none	そんな
motive	金 の 詰め 物 が 運 良い 見える ない ば 、 おそらく あなた も 疑い を 抱く ない た です う
mean	振り返る て みる と 、 鼠 の よう だ 顔 を する た 小柄 だ 男 が 、 揺れる ランプ から 射す 黄色い 光 の 真ん中 に 立ちすくむ で いる た
motive	より 高い 賭け 金 で 勝負 する て もらう こと に なる ます
none	書き散らす た とき の 筆跡 です
motive	彼 は 良家 の 出 で 才能 も ある た が 、 根 は 直せる ない ほど の 悪 で 、 巧妙 だ 詐欺 の 手口 で 、 指折り の ロンドン 商人 たち から 莫大 だ 金 を 巻き上げる た の だ
none	明日 の 午後三時 に ご 訪問 いただける と 、 これ 幸い
motive	運ぶ で いる た 鳥 が 、 同じ 大きい さ の 金塊 より も すこぶる 価値 が ある う と は 、 思う て も いる ない た だ う
mean	グレイヴゼンド へ 電報 を 打つ と 、 先刻 通過 する た と の 知らせる 、 東 寄り の 風 と なる ば 、 グッドウィン 砂州 も 通過 する 今頃 は ワイト 島 の 程 近く に 相違 ない
motive	破格 の お 給金 です
motive	何 でも 、 連盟 の 欠員 を 埋める 人間 が 足りる ない らしい て 、 遺産 管財 人 が 宙 に 浮く た 金 を どうして いい か 途方 に 暮れる て いる らしい そう です ぜ
none	旦那 、 ほら ここ に 空席 が ある です う 、 問い合わせ 先 だって 載る て ます ぜ
none	でっぷり 太る て いる て 、 もったいぶる た 鈍重 だ 動作
motive	男 に 定職 は ない た が 、 いくつ か の 会社 に 出資 する て いる らしい 、 決まる て 朝 は 市街地 へ 出向く 、 毎晩 キャノン 街 から 五 時 一 四 分の 列車 で 帰る て くる
motive	代金 を 支払う 、 教会 へ と 急ぐ だ
motive	そむ で 、 エルシィ は 俺 ら の 稼業 に ちょっと 気づく ちまう て 、 こんな 仕事 に は たえる きれる ない って 、 ちっと ばかり 自分 で 作る た まとも だ 金 を 持つ て 、 俺 たち を まく て ロンドン へ 逃げる ちまう た ん です
none	窓 は 開く て ます た か
none	袋小路 に 追いつめる て も 、 油断 する と 痛い 目 に 遭う ます
motive	お話 で は わたくし ども の 伯父 と 友人 で 、 当の 伯父 は 数 ヶ月 前 ヨハネスブルグ で 貧困 の うち に 亡くなる 、 遺言 で 親類 を 捜し当てる 困窮 する てる ない か 確かめる て くれる と 託す れる た そう だ
none	地元 以外 で は さほど 注意 を 引く ない た かも しれる ない
mean	本棚 の 壁 の 間 に は 背 の 高い 緑色 の 金庫 が 置く て ある 、 その 正面 に つける られる た 真鍮 の ノブ が 暖炉 の 光 を 反射 する て いる た
none	すぐ に ブライオニ 荘 は 見つかる た
mean	これ を 見る た ま え —— 手帳 から 破る 取る た もの だ 、 至急 お越し 願う 　 Ｐ ・ Ｔ と 鉛筆 で 書く 殴る て ある
mean	この こと について それ 以上 は 考える ない た 、 ラウンドヘイ の 電報 を プリマス で 受け取る まで は
motive	それに ほら 、 一 度 など は ジェイムズ・バークリ と 同じ 種類 の もの だ
none	私 たち は 大佐 が 角 を 曲がる ない うち に 追いつく た
mean	おそらく これ だけ 物々しい ば 十分 罪人 を 威圧 する こと が できる ます
motive	毎晩 、 同じ 時間 に 診察 室 へ 入る て くる て 、 帳簿 を 調べる 、 私 の 稼ぎ として 一 ギニィ に 五 シリング と 三 ペンス 置く て 、 残り を 持つ て いく て 、 自分 の 部屋 の 金庫 に しまう の です
motive	仕事 を やる 終える と 急ぐ で 逃げる て 、 玄関 は 共犯 者 に 内側 から 閂 を かける て もらう た 、 という わけ です
mean	確か に 本人 は 、 見る も 無惨 だ 有様 だ た
motive	ある そう だ こと を 考える て みる と 、 追いつめる られる た ベドウズ は すでに 密告 する れる た もの と 思いこむ で 、 ハドソン に 復讐 する 、 持てる だけ の 金 を 持つ て 国外 へ 逃げる た の だ う
motive	怨み に 徳 を だ よ 、 ホームズゥ —— 火 を これ が 首 に ィ
motive	憎しみ 嫌う 男 と 一緒 に
none	あんた の ため に 特別 太る せる た って の に
motive	ことに よる と 細部 より も 治安 判事 の 戯れ言 に 重点 を 置く
motive	母 は かなり の 金持ち だ ござる ます て 、 一 年 に 一 〇 〇 〇 ポンド 以上 の 収入 が ござる ます た が 、 その 金 は そっくり ロイロット 博士 に 遺言 で 譲る て しまう ます た
none	本人 など どう でも いい ?? やる た こと が すべて だ の だ
none	しかし 、 今日 は 土曜日 だ
motive	それなのに やっこ さん は 、 小舟 を 引っ張る 出す 、 親父 の 上等 の 鉄砲 を 持ち出す て 、 気晴らし に 撃つ に 出かける ん だ
mean	彼 の 正面 に は 、 電灯 の まばゆい 光 に 照らす れる て 、 背 が 高い て スリム だ 、 黒 づく め の 女性 が 立つ て いる た
none	僕 の 耳 は 近い から
mean	顔 を 塗る て 、 できるだけ 惨め らしい なる よう 、 大きな 傷 も 付ける 、 そして 唇 の 片側 を 小さな 肌色 の 絆創膏 を 使う て 、 ねじれる た 状態 で 固定 する ます た
motive	花嫁 は 僕 に ソヴリン 金貨 一 枚 を くれる て ね 、 事 の 記念 として 時計 鎖 に 付ける て おく う と 思う
motive	それ が 先 の 金曜日 の こと です の 、 ホームズ 先生
motive	わし は 家 を 手 に 入れる て 、 調度 を 揃える 、 お 女中 の 給金 を 払う 、 つまり その 場 の 取り仕切る を 全部 やる
mean	さて この 石 は 私 の 貴重 品 入れ へ しまう 込む で 、 伯爵 夫人 へ は 僕ら が 持つ て いる と 電報 を 打つ う
motive	手紙 は やつ の 書斎 に ある 金庫 の なか 、 そして 書斎 は やつ の 寝室 と つながる て いる
none	敵
motive	付け加える と 、 現時点 で の 負債 の 総額 が 、 確認 できる 限り で は 八 八 ポンド 一 〇 シリング 、 一方 で キャピタル ＆ カウンティーズ 銀行 の 預金 残高 は 二 二 〇 ポンド ある
motive	御前 様 が 押し切る う と する て いる 、 あるいは 共犯 の インド 人 から すぐ に でも 通り に いる た 警察 が やってくる と 聞く て いる た の かも しれる ぬ
motive	債権 者 に 二 週間 の 猶予 を もらう 、 雇い主 に も 休み を もらう て 、 変装 する て 中心 区 に 物乞い に 時間 を 費やす て みる た ところ 、 ほんの 一 〇 日 で お金 は 集まる 、 借金 も 返せる ます た
mean	以前 は 皇帝 の 印度 軍 に 居る た 方 だ 、 わが 東方 帝国 の 生む だ 、 名誉 ある 最大 の 名 射手 だ の です
none	手綱 を ゆるめる て 、 さらば だ 、 それ
none	と 我が 友人 は 言う
motive	食後 、 ミスター・ジョナス・オールデイカー について 寝室 に 入る た ところ 、 室内 に は 大きな 金庫 が 置く て ある ます た
none	同じ こと が 、 ほら 、 君 の 書く た ささやか だ 短編 の うち の 、 いくつ か の 結末 に も 言える だ う
none	暗い 中 で 座れる とる
motive	娘 と 一緒 に 住む で いる 限り 、 娘 の 金 が 使い 放題
none	では 、 十 時 に ベイカー街 へ 行く う
motive	うむ 、 調査 が 危機 的 状況 に ある こと に 気が付く た
none	察 する に 、 彼 は まだ 店 に いる と
mean	星 の よう に 光 を 放つ 、 その 輝き は 冷たい 、 燦爛 として 四方八方 へ 刺さる よう だ
motive	共犯 者 の 髪 の 色 を 見る て 思いつく た に 相違 ない
none	読む だ 人物 は 壮健 だ ご 老人 だ ある た の だ が 、 その 紙 が ため に うつ ひしぐ れる て しまう た
none	やっぱり 、 そう やすやす と 連盟 員 に なんて なれる わけ ない って ね
mean	麻薬 の 夢 から うつつ に 帰る 、 新しい 事件 の 香り に 興奮 を 隠せる ない で いる
mean	名刺 を 差し上げる から 、 もし 僕 の 証言 が 君 の 裁判 で 役に立つ だ 、 ご 随意 に
none	あまりに も 強硬 に 否定 する ので 、 警部 も 心 が ぐらつく て 、 シン クレア 夫人 が 見る 間違える た の だ と 信じる そう に なる た
mean	薬局方 に も 毒物 学 の 文献 に も 出る た こと が ない
mean	足跡 は ケープルトン調馬場 の 厩舎 の 入口 に 通ずる アスファルト 舗装 の 道路 の 前 で つきる て いる た の だ ある
motive	それでも —— それでも ね ———— ホームズ は 細い 手 を 信念 の 激情 に 握り締める た —— 何もかも が 間違う て いる
mean	気の毒 に 、 こんな 有様 で 伏せる 相手 に 、 どうして 怒る たり できる う
none	待つ あい だ と 私 は 卓上 から 閉じる た まま の 新聞 を 取り上げる て 目 を 通す た
mean	しかし この 件 について の 覚え書き の 末尾 に は 短い 追記 が ある て 、 そこ に つける た 記録 に よる ば 、 ヴァイオレット・スミス 嬢 は 大きな 財産 を 相続 する 、 現在 は ウェストミンスタ の かの 有名 だ 電気 業者 モー トン ＆ ケネディ の 社長 たり シリル ・ モー トン の 妻 だ ある という
motive	余 が 別 の 女 と 結婚 する くらい だ 、 いかなる 手段 に でも 訴える 出る だ ある う … … いかなる 、 な
none	私 は 新聞 を 受け取る 、 次 の よう に 読み上げる た
none	あなた は 感情 を 抑える きれる ない なる 、 芝 地 を 横切る て ふたり に 割る て 入ろう と
mean	頃合 い を 見計らう て 毒蛇 を あの 通風 口 へ 向かう せる 、 蛇 は 綱 を 伝う 寝台 へ 下りる
mean	ドア の そば に は 電灯 の スイッチ が ほのか に 光る て 見える た が 、 仮に 安全 だ た として も 、 使う 必要 は まったく ない た
motive	ここ に 護身 用 が
none	ご存じ 僕 の やり口 だ 、 ワトソン
none	ちょっと 先 に お 行き に なる てる て
none	ふむ
none	ござる ます ん
mean	私 は 隣人 へ の 言伝 を 書く 殴る 、 階段 を 駆ける 上がる て 妻 に 事情 を 話す 、 そして 戸口 の ところ に いる た ホームズ と 合流 する た
mean	ボク は 気の毒 で 来る た ん だ
none	これ が 、 我々 を 攪乱 する 巧妙 だ 偽 手紙 だ ない と する た 、 です
none	あの
none	ジェムズバード って 名付ける て ね
mean	そう だ 、 そして 私 を 見る なり 大佐 は 今 まで 見る た こと も ない 表情 を する て 、 そのまま 炉 格子 に 頭 を 打ち付ける た
motive	だが 多く の もの の 例 に 漏れる ぬ 、 始める の は 易しい が やめる の は 難しい と やがて 気づく 、 長年 の あいだ 薬 の 奴隷 と なる つづける て 、 友人 や 親類 から 、 恐れ と 哀れみ の 入り交じる た 目 で 見る られる の だ た
mean	まさか 、 あいつ も 一 枚 噛む でる って こと は ない よ な
mean	おびただしい 並べる られる た 瓶 に 試験管 、 そして 塩酸 の きつい 刺激 臭 が 物語る の は 、 彼 が 一 日 じゅう ご 執心 の 化学 実験 を やる て いる た という こと だ
motive	大金 が かかる て おる ます
mean	翌朝 七 時半 、 日の出 の 光 が ちらりと 射す 始める 頃 、 私 は 寝台 の わき に 化粧 着 姿 の ホームズ が 立つ て いる こと に 気がつく た
none	だが 言う せる て もらう ば 、 僕 の ささやか だ 冒険 の 大半 に 、 色 を つける て いる
motive	なぜなら 、 どちら か と いう と ホームズ は 好き だ から 仕事 を 受ける の だ ある 、 お金 を 得る ため で は ない
motive	どう する と いう の
motive	本棚 の 壁 の 間 に は 背 の 高い 緑色 の 金庫 が 置く て ある 、 その 正面 に つける られる た 真鍮 の ノブ が 暖炉 の 光 を 反射 する て いる た
motive	ところが 、 この 金貨 の 封 を 切る 必要 が なくなる 、 この 地下 室 に 眠らせる て おく た の です が … … それ が 世間 に 知れ渡る て しまう ます て
none	うむ 、 その 名前 が 言い当てる られる ば 、 事件 解決 へ の 近道 と なる の だ が
none	あれ だけ 身体 が 曲がる て いる の に 生きる て いる と は 驚き だ とか 、 時々 実に 妙 だ 言葉 を 話す だ とか 、 この 二 晩 という もの 寝室 で うなる たり 泣く たり する 声 が 聞こえる た だ と か
mean	死体 を 焼く た 灰 を 埋める た でこぼこ の 塚
motive	お 金持ち に なる につれて 欲 も 大きい なる 、 郊外 に 一軒家 を 買う て 、 果て に は 結婚 まで する て
motive	私 の 人生 を 返す て
none	君 さえ よい ば
none	そうして ふと 変装 を 暴く れる た こと に 気づく て 、 叫び声 を 上げる 、 枕 に 飛びつく て 顔 を 埋める た
motive	連中 、 朝 から 燃え尽きる た 木材 の 灰 を 掻く まわす 続ける て 、 炭化 する た 有機物 と 、 色 が 落ちる た 円形 の 金属 を いくつ か 手 に 入れる た ん だ
mean	つまり 麻薬 へ 溺れる たり 、 持ち前 の 洞察 力 で 事件 に 乗り出す たり だ ある
mean	ベドウズ が 暗号 で 、 Ｈ は すべて を 知らせる た と 手紙 を くれる た
motive	顎 鬚 は 端 で 金色 、 口元 で は 白色 、 あと は ひっきりなしに 吸う て いる 葉巻 の せい で ニコチン に 染まる て いる た
none	捕まえる た もの を 離す ない という 点 だ ね
none	すると あれ はねる 、 赤毛連盟 の こと を ご存じ ない ん です か
mean	ずいぶん 暗い 、 悲惨 だ 話 だ と 思う
motive	ステッキ の よう だ もの を 手 に 持つ て いる た が 、 それ を 床 の 上 に 置く た 、 金属 性 の 音 を 発す た
mean	拳銃 を 捨てる
mean	無実 の 男 を 一 人 絞首刑 に する のに 、 この上ない こと を やってくる た ん だ ぞ
mean	では 、 あなた が 犯人
mean	護身 用 として も 、 攻撃 用 として も 貧弱 だ こと は 貧弱 です が 、 その 時 手近 に ある た もの の うち で は 、 これ が 一番 よい た ん です う
motive	先日 死ぬ だ バー クリ も 私 と 同じ 中隊 の 軍曹 で 、 そして 連隊 の 華 、 ああ 、 唇 に 息吹く 持つ なか で も いちばん の 美女 、 それ が ナンシィ・ディヴォイ 、 軍旗 軍曹 の 娘 だ の だ
none	シャーロック・ホームズ は ジェイベス・ウィルソン 氏 に そう 答える た
none	その 姿態 は わずか に 傾ける られる 、 期待 する 目 に 半開き の 口
none	警官 が インド 人 を ずっと 見張る て いる た
none	結果 として 戸 は オールダショット から 錠前 屋 を 呼ぶ で 開ける ぬ ば なる ない た
motive	不明 だ が 何らかの 方法 で 、 この 事務所 の 仲買人 の 立場 を 偽名 にて 勝ち得る て 、 これ を 利用 する て 金庫 の 合い鍵 の 数々 を 入手 、 その 金庫 室 と 金庫 の 配置 を 完全 に 把握 する に 至る た
motive	金曜日 、 六月 一 九 日 だ
none	全身 の 力 が 抜ける て 、 指 から 転げ落ちる た と でも いう の か
none	これ です
mean	トリェポーフ 殺人 事件 で オデッサ に 招聘 する れる た とか 、 トリンコマリィ で アトキンソン 兄弟 の 奇妙 だ 惨劇 を 解決 する た とか 、 ひいては オランダ 王室 の ため に 秘密 裏 に 任務 を 遂行 する た とか
motive	誰 が この 小切手 を 現金 化 する て いる の か 問い合わせる て みる よ
none	犬 だ ね
motive	何 でも アッパ・スウォンダム 横町 に ある 金 の 延べ 棒 という 場所 で 見つかる はず と の こと だ た
motive	私 は 、 金庫 破り が ホームズ にとって 格別 の 趣味 だ た こと を 知る て いる た し 、 この グリーン と ゴールド の モンスター 、 その 臓腑 に 数 多く の 淑女 たち の 名誉 を たくわえる こむ で いる ドラゴン に 立ち向かう ホームズ の 喜び も 理解 できる た
mean	では 、 進行 状況 を 電報 で お知らせ する ます う
motive	非 の うち どころ の ない 冷静 さ で 、 ホームズ は 金庫 に すりよる 、 手紙 の 束 を 腕 一 杯 に 抱えこむ で から それ を 暖炉 に 放る こむ だ
none	ああ 、 その 方 が いい
none	その うち に 奥さま は 目 を めらめら する せる て 通り を 下る て くる て 、 猫背 の 男 が 街灯 の そば に 立つ て 、 怒り狂う か の よう に 握り拳 を 宙 で ぶんぶん する て いる の が 見える ます た
none	僕 は 教会 へ ぶらり 立ち寄る た ならず者 の 振り を する 、 側 廊 を うろつく た
motive	僕 は 驚き の 声 を 上げる て 、 さっと 腕 で 顔 を 隠す て 、 そして 腹心 たり インド 人 の ところ へ 行く 、 会う に くる て も 通す ない で くれる と 頼む ます た
mean	あと 海底 電信 が 来る て 、 やつ ら が 動き出す はず だ と
mean	もう ふたり の 兵士 が 戸 の 外 に いる た が 、 手 の マス ケット 銃 に は 装弾 する れる て いる ない た と 見える 、 撃つ こと が できる ぬ 、 銃剣 を つける う と する て いる あいだ に 撃ち殺す れる た
none	て だ もん だ 、 死ぬ だ とき に 莫大 だ 遺産 を 管財 人 に 預ける て 、 その 利子 を 使う て 、 自分 と 同じ 色 の 髪 を 持つ 男 が 楽 に 暮らせる よう に 金 を 分配 する て くれる 、 と 死ぬ 遺す た らしい ん です
none	これ が その 家 だ
mean	さて 、 結果 、 ブレッシントン の 処置 は 絞首刑 と 決まる ます た
none	ジェイベス・ウィルソン の 旦那 、 あっし も 髪 が 赤い た なぁ
motive	そして テーブル の 上 に は 、 十 ｜ 磅 の 紙幣 二 枚 と 、 金 銀貨 併せる て 十 七 ｜ 磅十 ｜ 志 の 金 が 、 それぞれ 違う た 額 に 整頓 する れる て 、 小さな 堆い に 積む れる て ある
none	だが 食い止める だけ の 時間 は ある
motive	これ だけ が 、 レーヌ 公園 の 魔 の 事件 の 全部 だ ある た が 、 何しろ アデイア 青年 に する て は 、 惨殺 を 受ける よう だ 敵 など が ある よう に も 思う れる ない もの だ ある 、 また 室内 の 金 や 貴重 品 と 云う た よう だ もの に も 、 全然 手 を 触れる られる た 形跡 も ない ので 、 事件 は 全く 謎 から 謎 へ と 、 皆目 見当 が つく ない なる の だ ある た
mean	ホームズ は その 電報 を 弾く て よこす た
none	ですが その とき 以外 は 、 死人 に 鞭打つ 必要 も ある ます ん 、 卑劣 だ 行い を する た と は いう
none	兵士 の 気心 や 笑い どころ だ わかる し 、 それ だ 生きる 分 は 稼げる から だ
mean	フィッロイ・シムソン は 厩 番 を 薬 で 眠らせる 、 どうか する て 合鍵 を 手 に 入れる て 、 誘拐 する 去る 目的 で 馬 を つれる 出す た
none	ええ 、 そう する ない と 、 鳥 も 無駄 に なる だけ です た ので
mean	君 は あの 僕 が 君 の 室 を 訪ねる て 、 ひどい 空気 銃 を 恐れる て 、 神経質 に 閉める た こと の ある た の を 、 知る て いる だ う
none	今夜 の 探検 は 何 を 意味 する て いる の か
motive	小男 は 高い 金切り声 で 叫ぶ だ
none	これから 、 五 十 分間 は 話しかける ない で くれる た ま え
mean	みすぼらしい 身なり の 一団 が 、 街角 で 煙草 を 吹かす ながら 笑う て いる たり 、 刃物 研ぐ 屋 が 路上 研磨 を する て いる たり 、 二 人 の 近衛 兵 が 子守 の 女性 と 歓談 する て いる たり 、 めかす 込む だ 青年 が 幾 人 か 、 口 に 葉巻 を くわえる て うろつく て いる たり する て いる た
motive	今 、 私 が 腰掛ける て いる 木 箱 の 中 に 、 鉛 の 箔 で 包む れる た ナポレオン 金貨 が 二 千 枚 入る て いる ん です
none	僕 は 敵 を 探す に
none	ちゃんと 俺 の 親指 と 人差し指 の あいだ に ある
motive	救う べし 生命 が 千 も ある た と いう のに 、 ただ ひとり の こと だけ を 考える て 、 その 夜 、 私 は 城壁 を 飛ぶ おりる た
none	ねじ 回し と ねじ を いくつ か 洗面 台 の 上 で 発見
none	むろん そう だ う
none	ジェイムズ・バークリ の 言葉 は ぞんざい だ くぐもる て いる た ので 三 人 に は 何 ひとつ 聞き取れる ない た
none	と 戸 の 上部 に ある 小 窓 の 蓋 を 手前 に 開ける て 、 なか を のぞき込む だ
mean	と は いう 、 その 窶れる た さま は 見る も 気の毒 だ
mean	そいつ を 捕まえる て 、 くちばし を 押し開く 、 宝石 を 指 の 伸びる 限り できるだけ 喉 の 奥 へ 押し込む ます た
motive	顔 を 塗る て 、 できるだけ 惨め らしい なる よう 、 大きな 傷 も 付ける 、 そして 唇 の 片側 を 小さな 肌色 の 絆創膏 を 使う て 、 ねじれる た 状態 で 固定 する ます た
none	左 も しかる だ 、 ちょうど 机 に 当たる ひじ の あたり
motive	写真 は 護身 の ため に 取る て おく ます
mean	さらに 念 に は 念 を 入れる て 、 日 中 は この 子 を 家 から 外 へ 出す ない よう 、 この ちっちゃな 顔 と 手 を 覆う て 、 窓 から この 子 を 見る て も 、 黒い 子 が 近所 に いる という 噂 が 立つ ない よう 言いつける た の
mean	拳銃 が 床 の 敷石 に 落ちる た
mean	あまりの 恐ろしい さ に 、 今 も わたくし の 記憶 に はっきり と 焼き付く て おる ます
mean	両側 で は 人 が 寝ころぶ で いる て 、 薬 の 汚れる た 煙 を 吸う て 私 まで ぼうっと なる ない よう 気 を つける ながら 、 辺り を 見回す て 店 の 主人 を 捜す た
mean	受ける て 頂ける だ 、 どうか ランベリ は チーズ マン 屋敷 の ファーガソン まで ご 電報 を
motive	化粧 着 を 着る た 妻 が おりる ます て 、 私 に 寝室 に 帰る よう 言う の です が 、 私 は 素直 に 、 この ふざける た いたずら の 張本人 を 突き止める つもり だ と 告げる ます た
mean	毒物 に も 、 どんな 試験 で も 検出 する れる ない もの が ある
none	事 は 錯綜 する だ う
none	奪い取る た と も 考える られる ます う
motive	窓 に は 子ども でも 開ける られる そう だ 、 頼り ない イギリス 式 の 留め 金 が つく て いる た
mean	その とき 、 並木道 の 角 から 馬車 の 側 灯 の 光 が 弧 を 描く よう に 射す て くる た
mean	電報 で 受け取る た
mean	隣 の 部屋 に ミルヴァートン が いる 以上 、 電灯 を つける の は あまりに も 危険 すぎる た から だ
mean	鈍器 の 強烈 だ 一撃 による もの だ の は 明らか だ た
none	覚える て おく う 、 ワトソン
mean	そこ へ ジョン・ストレーカ の 外套 は かかる て いる た の だ ある
none	わし の 、 わし の 大事 だ 四 ポンド が
motive	やがて 指 は 引金 に かかる た
none	リヴォルヴァ の 銃身 が きらめく た
motive	あの 執念深い 性格 から する て 、 自分 の 仕掛け を 見届ける に 来る こと は 、 間違い ない と 確信 する て いる た
mean	博士 が 噛む れる て 死ぬ まで 、 たった 十 秒 だ
mean	ミスター・ラウンドヘイ 、 ここ の 教区 牧師 だ よ 、 俺 を 呼び戻す 電報 を 送る て くる た の は
mean	それ は チョーク で 殴る 描く する れる て いる て 、 私 は 馬番 の 少年 が やる た の だ と 思う た の です が 、 その 坊主 は 、 全く 知る ない と 言い張る の です
motive	何 度 も 言う が 、 今日 は 金曜 だ ん だ
motive	ホームズ は 自分 の 金庫 の 錠 を 開ける て 、 蒼 炎 石 を 高い 掲げる た
motive	くりかえす くりかえす 、 金庫 が 空 に なる まで
none	君 は 押し黙る こと にかけて は 大天才 だ 、 ワトソン
none	片 ひざ を 縁 により かける て 、 軽々と 穴 の 上 に 上がる た
none	率直 に 、 あの
mean	そう だ 、 喧嘩 に なる て 私 は 殴る 倒す れる た
mean	それから 姉 は 、 もっと 何 か 言う た そう に する て 、 指 を 高い 上げる て 父 の 部屋 の 方 を 突き刺す よう に 指す ます た が 、 またもや 全身 に ひきつける が 起こる て 、 物 が 言える ます ん です た
mean	取っ組み合い の 喧嘩 が 始まる て しまう 、 二 人 の 近衛 兵 が 一方 に 加勢 、 刃物 研ぐ 屋 が もう 一方 に 加勢 する た ので 、 騒ぎ は あっという間に 大きい なる た
mean	カラザズ は 懐 から 電報 を 取り出す
mean	そうすると 立ち聞き する た 言葉 の ほとんど とも まったく 噛み合う ない わけ だ も なくなる
none	ヒゲ は ない 、 つるつる する て いる た
motive	金 で なんとか なる もの だ なん だって ミルヴァートン の もと に 転がり込む よう に なる て てる ね
motive	前置き として は 、 ホームズ 先生 、 明日 は フォーテスキュー 奨学 金 の 試験 初日 で 、 わたくし も 試験 官 の はしくれ
none	そして 配偶 者 の 筆跡 に 間違い ない 、 そうですね
none	警部 に よる ば 、 ものすごい 汚い らしい 、 顔 じゅう 汚れる きる て いる の だ が 、 それでも その 吐き気 の する 醜い さ を 隠せる て いる ない という
none	ズボン の 膝 だ
mean	アイザ・ホイットニ 、 聖 ジョージ 神学校 校長 で 亡き イライアス・ホイットニ 神学 博士 の 弟 君 だ ある が 、 その ころ は 阿片 に 溺れる て いる た
none	汚い
none	と 話 を 切り出す
none	と 友人 は 言う
none	ワトソン 、 君 は 見える て はいる
motive	付け加える と 、 現時点 で の 負債 の 総額 が 、 確認 できる 限り で は 八 八 ポンド 一 〇 シリング 、 一方 で キャピタル ＆ カウンティーズ銀行 の 預金 残高 は 二 二 〇 ポンド ある
mean	戸棚 の 橙 を 掴む 上げる と 引き裂く て 卓上 に 種 を 絞り出す
none	やつ は 他 の 建物 に 向かう て トンネル を 掘る て いる
mean	それから ホームズ は 海外 宛 の 長い 電報 を 書く
mean	帆前船 が サヴァナ に 到着 する まで に 郵便 船 は この 手紙 を 持つ て いく はず 、 さらに 海底 電信 を通じて サヴァナ 警察 に 、 三 人 の 紳士 が 殺人 容疑 で こちら で 指名 手配 する れる て いる こと が 伝わる だ う
none	明日 から … … よろしい です う か
motive	見る と 、 火 が 輝 や か に 燃え上がる て いる て 金網 の なか に は 、 何 か 紙 の 焼ける た らしい 黒い 綿毛 の よう だ 灰 が 残る 、 その そば に 例 の 真鍮 製 の 箱 が 開く れる て おる 、 中 は 空 です た
motive	金庫 の 中身 は 、 大 部分 が テーブル の 上 に 出す れる て いる た
mean	室内 は もちろん 、 廊下 に も 煙 が 充満 する 、 火薬 の 臭い が する た
mean	ワトソン 君 、 仕事 は 悲哀 に対する 、 最善 の 解毒 剤 だ よ
none	さて 、 博士
motive	金銭 の 配分 について 思う ところ が ある て 、 しばらく 私 たち の 間 に 溝 が ある た こと を 否定 する つもり は ある ます ん が 、 その 問題 は 許す れる 忘れる られる 、 今 は お互い に 最高 の 友達 同士 だ た の です
motive	ただただ 憎しみ から です
motive	相手 は 闇 の なか うずくまる て 待ち伏せる て いる た
none	これ で もつれる た 事件 の 糸口 は ほどける た
none	と シャーロック・ホームズ が 答える
none	ですが 月曜 に 書く れる て 、 今日 出す れる た だけ かも しれる ます ん
none	妻 は ひどい 心配 する です う から 、 指 環 を 外す て 、 お巡りさん の 見る てる ない 隙 に 、 インド 人 に こっそり 託す て 、 心配 は 要る ない と 妻 宛 に 急ぐ で 書く 殴る た 手紙 も 一緒 に 渡す ます た
motive	室内 を 調査 する と 、 ベッド に 入る た 跡 は ない 、 金庫 が 開く れる て おる 、 重要 書類 が 部屋 中 に 散らばる て いる た
none	シャーロック・ホームズ は 依頼 人 の 長い 話 を 熱心 に 聞く て いる た
none	車道 に は 、 行き と 帰り の 馬車 が 長い 車 の 流れ を 作る て いる た
none	ステッキ で 歩道 を 力強い 二 、 三 回 叩く て から 、 店 の 戸口 に 近寄る て いく た
motive	愛しい 妻 も 、 僕 が 中心 区 で 仕事 を する て いる の は 知る て いる ます
motive	帰る とき に は 競技 用 の 靴 を 持つ て いる た わけ だ が 、 ご存じ の 通り 靴 底 に は 尖る た 金具 が いくつ か 備わる て いる
motive	彼 は 私 たち など に は 目 も くれる ぬ に 、 ただ ホームズ の 顔 に 、 発 矢 と つける られる て 、 憎悪 と 驚異 が 、 混 り 光る て いる た
none	僕 たち の 仕事 は 終わる た
motive	各 出場 馬 金 五 〇 ソヴリン
mean	ブラウン は ホームズ の 視線 に 威圧 する れる て 、 ぱちぱち と 瞬き を する た
motive	あいつ だ 宝石 を 金 に 換える 方法 を 教える て くれる です う
none	どうやら そう らしい
none	ジェイベス・ウィルソン 氏 が 雇う た 店員 か
none	その 建物 は 小さな 空き地 の 四方 を 囲む で いる た
motive	でも 偶然 あなた が あたし の 前 に 現れる て 、 ジャック 、 あなた を 愛する よう に なる た とき 、 子ども の こと を 話す の が 怖い なる て
none	罪 の 意識 が やつ を 打ちのめす ない た 、 私 の 魂 が やつ の 血 に まみれる なんて こと も 確か に ありえる た だ う
mean	これ 等 は 僕 の 他 の 銃 だ
none	ですが 、 もし あなた の 配偶 者 が 生きる て 手紙 を 書く た の だ と する た 、 どうして 今 、 目 の 前 に 現れる ない の か
none	今 の ご時世 、 なかなか そう うまい は いく ない もの です
mean	はい ホームズ 先生 、 シリル ・ モー トン 、 電気 技師 で この 夏 の 末 に は 結婚 する つもり です
none	シャーロック・ホームズ と 私 は その 素っ気 ない 声明 文 と 、 その 向こう に いる 残念 そう だ 顔 の 男 を 比べる 見る た
none	糸口 は
motive	二 週 目 あたり に 飲む 水 が 尽きる 、 内地 進軍 中 の ニール 将軍 の 縦隊 に 連絡 が 取れる か 否 か が 問題 と なる た
mean	毒牙 の 食い込む だ ところ に は 、 ごく 小さな 黒い 傷 が ふたつ 残る だけ だ から 、 目 の 利く 検視 官 だ ない かぎり 見逃す て 当然 だ
none	僕 が 君 の 助け を 必要 と する の だ から 、 依頼 人 と て 同じ 事
mean	君 に は 何 も 珍 らしい も ない こと に 相違 ない が 、 君 は 木の下 に 仔 山羊 を つなぐ 、 その 上 に 銃 を 置く ない た か ね
mean	上 へ 行く て とどめる を 刺す て やる
mean	レストレイド が 依頼 人 を 絞首 台 に 送りこむ で 、 スコットランド ヤード の 大 勝利 って わける さ
motive	この 初期 投資 の ほか に 、 数 年 分 の 生活 費 と 体裁 の 良い 馬車 を 雇う 金 も 用意 する ぬ ば なる ます ん
none	正気 の 沙汰 で は ない た う
motive	そうして 、 みるみる うち に かなり の 額 が 貯まる て いく ます た
mean	気の毒 に ホームズ の 口 から は 譫言 しか でる ない ので 、 残す て いく の は 危うい と 思える た から だ
motive	男 の 左手 側 から 二 番目 の 歯 が 、 金 で へたくそ に 詰める て ある ます て
none	その 点 を 考える ば 、 もはや 相棒 として の 価値 は つける がたい ほど だ
none	ただ ひとつ 面白い の は 、 住 込 女中 の ジェイン・ステュワート の 思い出す た こと だ
mean	そして 封筒 の 折り返し は ゴム で 貼る 付ける て ある 、 間違い だ ない ば 、 煙草 を 噛む で いる た 男 が やる た
none	来る 日 も 来る 日 も 仕事 を する た ん です
motive	やつ は 誰 より も 土地 勘 が ある よう だ た から 、 逆徒 の 包囲 網 の 抜け道 を 考える て もらう た の だ
motive	今週 の 月曜 、 一 日 を 終える 、 阿片窟 の 上 で 着替え を する て いる て 、 ふと 窓 の 外 を 見る と 、 恐ろしい こと に 、 なんと 、 僕 の 妻 が 通り に いる て 、 こちら に 目 を 注ぐ で いる じゃ ある ます ん か
mean	眼瞼 の 皮肉 に 垂れ下がる た 、 狂暴 だ 青い 目 、 鋭い 圧倒的 に 突き出る た 鼻 、 威嚇 する よう だ 太い 線 の 刻む れる た 額 、 —— と 云う もの は 、 何 と 云う て も 驚く べし 、 先天的 だ 兇激 性 の 具象 だ ある た
motive	それだけ の 品 に それだけ の 金 を 払う 、 これ で 取引 は 終わる だ ん だ よ
none	昔 は 店員 を 二 人 雇う こと が 出来る た ん です が 、 今 は 一 人 しか ござる ます ん
mean	街 を 歩く 人 の 息 は 、 弾 を 打つ た 後 の 銃口 の よう に 、 あちこち から 白い 吹く 上がる
none	と 返る て くる
none	一 日 たっぷり 仕事 に いそしむ で 、 帰る て くる た ばかり だ の だ た
motive	持つ て いる た 賭 帳 を 調べる て みる と 、 白銀 の 競走 馬 に 五 千 ポンド も 自分 で 賭ける て いる た という
none	今回 の 衝撃 で 茫然 自失 です が 、 元 から 耄碌 する てる ん だ と は 思う ます
none	です た 、 先生 だ 、 こちら の 意味 も ご 説明 いただける です う か
mean	コヴェントリ の 中部 電気 会社 に おりる ます
motive	進路 は 干上がる た 川筋 で 、 そこ だ 敵 の 歩哨 から 姿 を 匿う て くれる と 思う た の だ
none	ぽっかり と 四角い 穴 が あく て いる
mean	ですから 私 は 、 重要 だ 仕事 が できる た ので どれ くらい 遅い なる か 分かる ない と 、 家 に 電報 を 打つ ます た
mean	おそらく 、 その 冒険 的 人生 で はじめて 威圧 する れる ながら
mean	ほら 、 マーティン 警部 、 女中 たち が 部屋 を 出る て すぐ 火薬 の 臭い が する た と 言う た とき 、 この 点 は きわめて 重要 だ と 言う て おく ます た ね
none	様々 だ ものめずらしい 体験
mean	いえ 、 死ぬ で すぐ 、 アトランタ に 大きな 火事 が ある て 、 紙 の 類 は みんな 焼ける て しまう た そう です
none	いや 結構 、 食事 だ ウォータルー で 済ませる て くる た
motive	そこ は 細長い 続く た 部屋 で 、 茶色い 阿片 の 煙 が 充満 する 、 両側 に は 寝台 が 二 段 に 備え付ける られる て いる た
mean	すでに 完璧 だ もの を 改善 する う と する —— 不運 だ 犠牲 者 の 首 を 絞める あげる ロープ を さらに 強い 引く う として —— すべて を 水の泡 に する て しまう た
mean	私 は 文字通り 終日 、 この 事件 に対して 、 あらゆる 智慧 を 絞る て 考える て 、 大体 において 辻褄 の 合う 、 一 通り の 条理 ある 解釈 を 見出す う と する 、 かつて 私 の 哀れ だ 友人 の 云う た 、 凡て の 考査 の 出発 点 と なる 、 最も 抵抗 の 少ない 一 点 の 発見 に 努力 する た が 、 正直 の ところ 私 は 、 ほとんど 何 物 も 進める 得る ない た
mean	他 の 毒 の 可能 性 も あれる 、 思い当たる た の は それ
motive	月曜日 、 十一時 、 フリート街 、 ポープス・コート 七 番地 、 当 連盟 事務所 内 の ダンカン・ロス に 直接 申し込む れる た し
motive	我々 は ブーテー に 籠 城 、 こちら は 我ら 連隊 と 砲兵 半 個 中隊 、 シーク 教徒 の 歩兵 中隊 に 多数 の 文民 や ご 婦人 方 で 、 そして 周囲 に は 一 万 人 から の 逆徒 が いる て 、 しかも ねずみ 取り を 囲む だ テリア の 一団 ほど に 凶暴 だ た
motive	残り の 金 を みんな 腰 の 左 に 入れる ん だ
